inst,side,entry,tp,sl,exit,result
BTC-USD-SWAP,SHORT,114967.5,114203.78571428571,115349.35714285714,114203.78571428571,0.06642871121963076
BTC-USD-SWAP,LONG,115072.9,115845.67142857143,114686.51428571428,114686.51428571428,-0.03357747256614858
BTC-USD-SWAP,LONG,115073.4,115796.4857142857,114711.85714285713,114711.85714285713,-0.03141845614563086
BTC-USD-SWAP,LONG,115122.1,115763.75714285715,114801.27142857143,114801.27142857143,-0.027868547518554117
BTC-USD-SWAP,SHORT,115055.3,114434.87142857144,115365.5142857143,114434.87142857144,0.053924379965856875
BTC-USD-SWAP,LONG,115127.6,115729.45714285715,114826.67142857144,114826.67142857144,-0.02613869927181364
BTC-USD-SWAP,SHORT,115116.5,114551.84285714287,115398.82857142857,114551.84285714287,0.04905093039287446
BTC-USD-SWAP,SHORT,115054.6,114499.00000000001,115332.40000000001,114499.00000000001,0.04829011617093025
BTC-USD-SWAP,SHORT,115051.9,114498.84285714287,115328.42857142857,114498.84285714287,0.048070231161512975
BTC-USD-SWAP,SHORT,115044.7,114525.18571428572,115304.45714285714,114525.18571428572,0.04515760271566428
BTC-USD-SWAP,LONG,115112.0,115587.54285714285,114874.22857142857,114874.22857142857,-0.020655659581228013
BTC-USD-SWAP,SHORT,115110.0,114651.65714285715,115339.17142857143,114651.65714285715,0.03981781401640624
BTC-USD-SWAP,LONG,115196.0,115593.85714285714,114997.07142857143,114997.07142857143,-0.017268704766534013
BTC-USD-SWAP,SHORT,115126.1,114718.47142857144,115329.91428571429,114718.47142857144,0.03540713803634121
BTC-USD-SWAP,SHORT,115078.4,114655.91428571429,115289.64285714286,114655.91428571429,0.03671285960577374
BTC-USD-SWAP,SHORT,115032.7,114606.44285714286,115245.82857142857,114606.44285714286,0.037055301914771986
BTC-USD-SWAP,SHORT,115023.9,114604.27142857142,115233.71428571428,114604.27142857142,0.0364818591117652
BTC-USD-SWAP,SHORT,114984.5,114549.1,115202.2,114549.1,0.037865973239870954
BTC-USD-SWAP,LONG,115217.9,115696.44285714284,114978.62857142856,114978.62857142856,-0.02076686249024083
BTC-USD-SWAP,LONG,115251.0,115722.88571428572,115015.05714285714,115015.05714285714,-0.0204720876298564
BTC-USD-SWAP,SHORT,115210.2,114751.31428571428,115439.64285714286,114751.31428571428,0.039830302723692514
BTC-USD-SWAP,LONG,115281.5,115732.6142857143,115055.94285714286,115055.94285714286,-0.019565770991628494
BTC-USD-SWAP,SHORT,115205.8,114741.22857142857,115438.08571428571,114741.22857142857,0.040325350682989466
BTC-USD-SWAP,LONG,115232.1,115689.24285714286,115003.52857142857,115003.52857142857,-0.01983574269421757
BTC-USD-SWAP,LONG,115260.0,115717.71428571429,115031.14285714286,115031.14285714286,-0.019855729902580683
BTC-USD-SWAP,LONG,115390.1,115859.58571428571,115155.35714285714,115155.35714285714,-0.020343413962104276
BTC-USD-SWAP,SHORT,115336.5,114880.21428571428,115564.64285714286,114880.21428571428,0.03956125894974485
BTC-USD-SWAP,LONG,115391.0,115818.02857142857,115177.4857142857,115177.4857142857,-0.018503547565606744
BTC-USD-SWAP,LONG,115449.1,115857.92857142858,115244.68571428572,115244.68571428572,-0.01770600946341608
BTC-USD-SWAP,SHORT,115348.0,114916.59999999999,115563.7,114916.59999999999,0.03739986822485078
BTC-USD-SWAP,SHORT,115332.7,114874.52857142856,115561.78571428571,114874.52857142856,0.039726064556837797
BTC-USD-SWAP,SHORT,115260.4,114793.2857142857,115493.95714285714,114793.2857142857,0.0405268666180491
BTC-USD-SWAP,LONG,115468.3,115927.70000000001,115238.6,115238.6,-0.019892905671946078
BTC-USD-SWAP,SHORT,115447.4,114968.45714285714,115686.87142857142,114968.45714285714,0.04148580714185491
BTC-USD-SWAP,LONG,115596.7,116133.04285714286,115328.52857142857,115328.52857142857,-0.02319888271649849
BTC-USD-SWAP,SHORT,115503.3,114944.21428571429,115782.84285714287,114944.21428571429,0.04840430656835892
BTC-USD-SWAP,SHORT,115204.4,114563.57142857142,115524.81428571428,114563.57142857142,0.055625355579177
BTC-USD-SWAP,SHORT,114999.8,114306.2,115346.6,114306.2,0.06031314837069333
BTC-USD-SWAP,LONG,115048.7,115790.32857142857,114677.88571428572,114677.88571428572,-0.03223107133885747
BTC-USD-SWAP,SHORT,114944.4,114199.4857142857,115316.85714285714,114199.4857142857,0.06480648780752146
BTC-USD-SWAP,LONG,114964.0,115702.48571428572,114594.75714285714,114594.75714285714,-0.03211812890494945
BTC-USD-SWAP,LONG,115030.8,115804.94285714286,114643.72857142857,114643.72857142857,-0.033649372913292334
BTC-USD-SWAP,LONG,115206.9,116005.61428571428,114807.54285714285,114807.54285714285,-0.034664342401118764
BTC-USD-SWAP,LONG,115217.9,116008.78571428571,114822.45714285714,114822.45714285714,-0.03432130399381155
BTC-USD-SWAP,SHORT,115108.8,114323.40000000001,115501.5,114323.40000000001,0.06823109962053242
BTC-USD-SWAP,LONG,115156.4,115899.82857142856,114784.6857142857,114784.6857142857,-0.03227908181519133
BTC-USD-SWAP,SHORT,115129.3,114424.18571428572,115481.85714285714,114424.18571428572,0.06124542455433014
BTC-USD-SWAP,SHORT,115077.9,114384.27142857143,115424.71428571428,114384.27142857143,0.06027469839374565
BTC-USD-SWAP,SHORT,114962.1,114295.75714285715,115295.27142857143,114295.75714285715,0.05796195938860303
BTC-USD-SWAP,LONG,114993.6,115638.48571428572,114671.15714285715,114671.15714285715,-0.02804006980761172
BTC-USD-SWAP,SHORT,114946.0,114373.40000000001,115232.3,114373.40000000001,0.04981469559619224
BTC-USD-SWAP,SHORT,115010.1,114488.50000000001,115270.90000000001,114488.50000000001,0.04535253860313061
BTC-USD-SWAP,SHORT,114859.6,114331.62857142858,115123.58571428571,114331.62857142858,0.04596667832479209
BTC-USD-SWAP,LONG,114945.7,115480.81428571428,114678.14285714286,114678.14285714286,-0.023276829220853154
BTC-USD-SWAP,LONG,115039.2,115563.99999999999,114776.8,114776.8,-0.022809616200390317
BTC-USD-SWAP,SHORT,114992.1,114485.67142857144,115245.3142857143,114485.67142857144,0.04404029245735708
BTC-USD-SWAP,SHORT,114870.1,114357.72857142858,115126.28571428572,114357.72857142858,0.04460442086943627
BTC-USD-SWAP,LONG,114878.5,115413.18571428572,114611.15714285715,114611.15714285715,-0.023271792123230384
BTC-USD-SWAP,SHORT,114820.3,114268.38571428572,115096.25714285715,114268.38571428572,0.04806765752347685
BTC-USD-SWAP,SHORT,114776.1,114224.47142857143,115051.91428571429,114224.47142857143,0.04806127507630742
BTC-USD-SWAP,SHORT,114676.0,114105.22857142857,114961.38571428572,114105.22857142857,0.049772526820906896
BTC-USD-SWAP,LONG,114821.9,115416.21428571428,114524.74285714285,114524.74285714285,-0.025879831535373293
BTC-USD-SWAP,LONG,115012.9,115645.0142857143,114696.84285714285,114696.84285714285,-0.02748014725801558
BTC-USD-SWAP,SHORT,114845.2,114221.79999999999,115156.9,114221.79999999999,0.054281763626168864
BTC-USD-SWAP,SHORT,114830.0,114191.82857142856,115149.08571428571,114191.82857142856,0.05557532252646874
BTC-USD-SWAP,SHORT,114743.3,114112.61428571428,115058.64285714286,114112.61428571428,0.05496492730170031
BTC-USD-SWAP,LONG,114869.9,115546.09999999999,114531.79999999999,114531.79999999999,-0.029433298018019152
BTC-USD-SWAP,SHORT,114782.7,114099.35714285714,115124.37142857142,114099.35714285714,0.059533610652376376
BTC-USD-SWAP,SHORT,114773.6,114089.9142857143,115115.44285714286,114089.9142857143,0.059568203339940916
BTC-USD-SWAP,SHORT,114629.1,113921.52857142859,114982.88571428572,113921.52857142859,0.06172703341223304
BTC-USD-SWAP,LONG,114653.5,115318.58571428571,114320.95714285715,114320.95714285715,-0.029004160984431284
BTC-USD-SWAP,LONG,114729.4,115385.45714285712,114401.37142857142,114401.37142857142,-0.028591500646614646
BTC-USD-SWAP,LONG,114789.8,115456.34285714285,114456.52857142859,114456.52857142859,-0.02903319184905082
BTC-USD-SWAP,SHORT,114675.8,113988.74285714288,115019.32857142857,113988.74285714288,0.059913001946106104
BTC-USD-SWAP,SHORT,114645.4,113975.02857142857,114980.5857142857,113975.02857142857,0.05847346937351374
BTC-USD-SWAP,SHORT,114667.2,114071.62857142858,114964.9857142857,114071.62857142858,0.05193912719342761
BTC-USD-SWAP,SHORT,114666.0,114059.22857142858,114969.38571428572,114059.22857142858,0.052916420610417854
BTC-USD-SWAP,SHORT,114640.4,114020.82857142857,114950.1857142857,114020.82857142857,0.05404477204994228
BTC-USD-SWAP,SHORT,114560.8,113913.1142857143,114884.64285714286,113913.1142857143,0.05653641684465405
BTC-USD-SWAP,SHORT,114400.0,113762.08571428571,114718.95714285714,113762.08571428571,0.05576173826173837
BTC-USD-SWAP,LONG,114455.9,115101.55714285713,114133.07142857142,114133.07142857142,-0.028205498487065668
BTC-USD-SWAP,SHORT,114444.1,113811.24285714286,114760.52857142857,113811.24285714286,0.05529836338065002
BTC-USD-SWAP,LONG,114518.2,115154.2,114200.2,114200.2,-0.02776851190465795
BTC-USD-SWAP,LONG,114693.2,115426.34285714285,114326.62857142858,114326.62857142858,-0.03196104290153385
BTC-USD-SWAP,SHORT,114645.3,113891.1,115022.40000000001,113891.1,0.06578551410306371
BTC-USD-SWAP,LONG,114653.0,115427.08571428571,114265.95714285714,114265.95714285714,-0.03375776099560097
BTC-USD-SWAP,SHORT,114410.0,113609.91428571429,114810.04285714286,113609.91428571429,0.06993144954861577
BTC-USD-SWAP,LONG,114522.1,115325.98571428572,114120.15714285715,114120.15714285715,-0.03509740540409737
BTC-USD-SWAP,SHORT,114438.4,113602.71428571428,114856.24285714285,113602.71428571428,0.07302493868192135
BTC-USD-SWAP,SHORT,114404.1,113558.21428571429,114827.04285714286,113558.21428571429,0.07393840905052493
BTC-USD-SWAP,SHORT,114292.0,113459.0,114708.5,113459.0,0.07288349140797257
BTC-USD-SWAP,LONG,114465.9,115330.67142857143,114033.51428571428,114033.51428571428,-0.03777419426097344
BTC-USD-SWAP,SHORT,114297.5,113430.67142857143,114730.91428571429,113430.67142857143,0.07583967903309993
BTC-USD-SWAP,SHORT,114423.5,113527.47142857143,114871.51428571428,113527.47142857143,0.07830808980922371
BTC-USD-SWAP,LONG,114738.7,115721.55714285714,114247.27142857143,114247.27142857143,-0.04283023700186295
BTC-USD-SWAP,SHORT,114672.0,113690.17142857143,115162.91428571429,113690.17142857143,0.08562060236400987
BTC-USD-SWAP,SHORT,114630.0,113658.05714285714,115115.97142857143,113658.05714285714,0.08478957141610904
BTC-USD-SWAP,SHORT,114579.9,113635.67142857143,115052.01428571428,113635.67142857143,0.08240787183690754
BTC-USD-SWAP,LONG,114716.5,115653.15714285713,114248.17142857143,114248.17142857143,-0.040824865771582466
BTC-USD-SWAP,SHORT,113048.1,110916.30000000002,114114.0,110916.30000000002,0.18857459789240053
BTC-USD-SWAP,SHORT,112579.9,110188.24285714286,113775.72857142857,110188.24285714286,0.21244086580794025
BTC-USD-SWAP,SHORT,112122.8,109483.37142857144,113442.51428571428,109483.37142857144,0.23540516036243878
BTC-USD-SWAP,LONG,112834.0,115675.05714285713,111413.47142857143,111413.47142857143,-0.12589543678577123
BTC-USD-SWAP,LONG,112977.0,115864.65714285713,111533.17142857143,111533.17142857143,-0.12779845202373705
BTC-USD-SWAP,SHORT,112759.0,109807.88571428572,114234.55714285714,109807.88571428572,0.261718735153228
BTC-USD-SWAP,SHORT,112608.1,109609.04285714286,114107.62857142858,109609.04285714286,0.2663269465391159
BTC-USD-SWAP,LONG,112898.0,115917.34285714285,111388.32857142857,111388.32857142857,-0.13371994442518256
BTC-USD-SWAP,LONG,112945.8,115985.6,111425.90000000001,111425.90000000001,-0.13456897024944656
BTC-USD-SWAP,LONG,112964.4,116019.62857142856,111436.78571428571,111436.78571428571,-0.13522970827218878
BTC-USD-SWAP,SHORT,112907.3,109820.55714285714,114450.67142857143,109820.55714285714,0.273387359111666
BTC-USD-SWAP,SHORT,112632.4,109534.74285714285,114181.22857142857,109534.74285714285,0.27502362933375724
BTC-USD-SWAP,LONG,113335.4,116614.97142857143,111695.61428571428,111695.61428571428,-0.14468433642848663
BTC-USD-SWAP,LONG,113443.1,116742.15714285715,111793.57142857143,111793.57142857143,-0.14540580885294663
BTC-USD-SWAP,SHORT,113433.9,111318.32857142856,114491.6857142857,111318.32857142856,0.18650257361965294
BTC-USD-SWAP,LONG,113621.9,115483.72857142857,112690.9857142857,112690.9857142857,-0.081930885305939
BTC-USD-SWAP,SHORT,113621.1,111963.92857142858,114449.68571428572,111963.92857142858,0.14585067637713645
BTC-USD-SWAP,SHORT,113465.3,111978.27142857143,114208.8142857143,111978.27142857143,0.13105580044547285
BTC-USD-SWAP,SHORT,113388.1,111989.67142857144,114087.3142857143,111989.67142857144,0.12333115833394907
BTC-USD-SWAP,SHORT,113040.0,111651.97142857143,113734.01428571428,111651.97142857143,0.12279092103932865
BTC-USD-SWAP,SHORT,112218.3,110695.21428571429,112979.84285714285,110695.21428571429,0.13572525285855452
BTC-USD-SWAP,LONG,112613.9,114187.15714285713,111827.27142857142,111827.27142857142,-0.06985181859686743
BTC-USD-SWAP,LONG,112789.0,114293.45714285714,112036.77142857143,112036.77142857143,-0.06669343388349645
BTC-USD-SWAP,LONG,112976.5,114553.9857142857,112187.75714285714,112187.75714285714,-0.06981477184572552
BTC-USD-SWAP,LONG,112677.7,114244.87142857142,111894.11428571428,111894.11428571428,-0.06954221769575639
BTC-USD-SWAP,LONG,113043.7,114634.12857142856,112248.4857142857,112248.4857142857,-0.07034574113500265
BTC-USD-SWAP,LONG,113360.0,114838.54285714285,112620.72857142857,112620.72857142857,-0.06521448734751517
BTC-USD-SWAP,LONG,113398.6,114889.2,112653.3,112653.3,-0.06572391546280137
BTC-USD-SWAP,LONG,113389.1,114880.15714285715,112643.57142857143,112643.57142857143,-0.0657495801120717
BTC-USD-SWAP,SHORT,113382.7,111864.41428571429,114141.84285714285,111864.41428571429,0.13390805778004142
BTC-USD-SWAP,SHORT,113328.8,111815.0,114085.7,111815.0,0.13357593127254527
BTC-USD-SWAP,SHORT,113312.9,111787.9,114075.4,111787.9,0.1345830880685253
BTC-USD-SWAP,SHORT,112872.0,111330.71428571428,113642.64285714286,111330.71428571428,0.13655164383423035
BTC-USD-SWAP,SHORT,112814.4,111479.54285714285,113481.82857142857,111479.54285714285,0.11832329408809025
BTC-USD-SWAP,SHORT,112677.0,111415.4857142857,113307.75714285715,111415.4857142857,0.11195845520508113
BTC-USD-SWAP,LONG,112753.4,113996.40000000001,112131.9,112131.9,-0.05512028905558502
BTC-USD-SWAP,SHORT,112734.6,111583.57142857142,113310.1142857143,111583.57142857142,0.10210073672400359
BTC-USD-SWAP,SHORT,112531.3,111387.7,113103.1,111387.7,0.10162505898358998
BTC-USD-SWAP,SHORT,112515.6,111439.2,113053.8,111439.2,0.09566673421285658
BTC-USD-SWAP,SHORT,112476.3,111439.12857142858,112994.88571428572,111439.12857142858,0.09221244196078872
BTC-USD-SWAP,SHORT,112280.3,111240.1,112800.40000000001,111240.1,0.09264314398874932
BTC-USD-SWAP,SHORT,112251.1,111230.35714285714,112761.47142857143,111230.35714285714,0.09093388458045051
BTC-USD-SWAP,SHORT,112226.7,111178.3,112750.9,111178.3,0.09341805470534145
BTC-USD-SWAP,SHORT,112007.2,110972.42857142857,112524.58571428571,110972.42857142857,0.09238436712741965
BTC-USD-SWAP,SHORT,111879.7,110829.1,112405.0,110829.1,0.09390443485279201
BTC-USD-SWAP,SHORT,112007.0,110938.68571428572,112541.15714285713,110938.68571428572,0.09537924287895232
BTC-USD-SWAP,SHORT,111864.1,110858.38571428573,112366.95714285715,110858.38571428573,0.08990500846243568
BTC-USD-SWAP,SHORT,111806.6,110708.34285714287,112355.72857142857,110708.34285714287,0.09822829268192924
BTC-USD-SWAP,SHORT,111444.2,110245.74285714286,112043.42857142857,110245.74285714286,0.1075387631529623
BTC-USD-SWAP,LONG,111575.9,112907.3857142857,110910.15714285715,110910.15714285715,-0.05966726301493838
BTC-USD-SWAP,LONG,111612.1,112943.75714285714,110946.27142857145,110946.27142857145,-0.05965559033729849
BTC-USD-SWAP,SHORT,111481.2,110151.57142857143,112146.01428571428,110151.57142857143,0.11926930921344248
BTC-USD-SWAP,SHORT,111349.8,109982.62857142859,112033.38571428572,109982.62857142859,0.1227816689901025
BTC-USD-SWAP,SHORT,111332.8,109968.6,112014.9,109968.6,0.12253352111866378
BTC-USD-SWAP,LONG,111428.1,112781.12857142856,110751.58571428573,110751.58571428573,-0.0607130773758395
BTC-USD-SWAP,LONG,111601.0,112990.74285714285,110906.12857142858,110906.12857142858,-0.0622639070054411
BTC-USD-SWAP,SHORT,111609.4,110264.42857142858,112281.8857142857,110264.42857142858,0.12050700286637278
BTC-USD-SWAP,SHORT,111175.7,109734.38571428572,111896.35714285713,109734.38571428572,0.12964292428239993
BTC-USD-SWAP,SHORT,111160.1,109685.35714285716,111897.47142857143,109685.35714285716,0.1326683636613179
BTC-USD-SWAP,SHORT,110943.4,109449.82857142857,111690.1857142857,109449.82857142857,0.1346246309894433
BTC-USD-SWAP,LONG,111081.0,112485.42857142857,110378.78571428572,110378.78571428572,-0.06321641736339026
BTC-USD-SWAP,SHORT,111032.7,109750.07142857143,111674.01428571428,109750.07142857143,0.11551809254648066
BTC-USD-SWAP,LONG,111067.1,112251.44285714286,110474.92857142858,110474.92857142858,-0.05331654725579636
BTC-USD-SWAP,LONG,111179.9,112358.89999999998,110590.4,110590.4,-0.05302217397209388
BTC-USD-SWAP,SHORT,111171.9,109994.18571428572,111760.75714285712,109994.18571428572,0.10593632794926373
BTC-USD-SWAP,LONG,111647.5,112893.5857142857,111024.45714285715,111024.45714285715,-0.055804461106863046
BTC-USD-SWAP,SHORT,111558.0,110268.57142857143,112202.71428571428,110268.57142857143,0.11558369381205877
BTC-USD-SWAP,SHORT,111553.2,110286.17142857143,112186.71428571428,110286.17142857143,0.11358065671164709
BTC-USD-SWAP,SHORT,111448.0,110192.82857142857,112075.58571428571,110192.82857142857,0.11262395274670034
BTC-USD-SWAP,SHORT,110770.0,109247.02857142859,111531.4857142857,111531.4857142857,-0.06874476070106593
BTC-USD-SWAP,LONG,111459.4,113078.42857142855,110649.88571428572,110649.88571428572,-0.07262862402940248
BTC-USD-SWAP,LONG,111796.0,113481.51428571428,110953.24285714286,110953.24285714286,-0.07538347909201931
BTC-USD-SWAP,LONG,111880.7,113585.55714285713,111028.27142857143,111028.27142857143,-0.07619085073909666
BTC-USD-SWAP,LONG,112016.0,113767.8857142857,111140.05714285716,111140.05714285716,-0.07819801252882119
BTC-USD-SWAP,LONG,112224.3,114011.84285714285,111330.52857142859,111330.52857142859,-0.07964152403458229
BTC-USD-SWAP,SHORT,111963.8,110107.17142857144,112892.11428571428,110107.17142857144,0.16582400485054655
BTC-USD-SWAP,LONG,112425.7,114394.49999999999,111441.3,111441.3,-0.08756005077130889
BTC-USD-SWAP,SHORT,112385.2,110416.71428571429,113369.44285714284,110416.71428571429,0.17515524413229744
BTC-USD-SWAP,SHORT,112160.8,110256.25714285715,113113.07142857142,110256.25714285715,0.1698046783852156
BTC-USD-SWAP,LONG,112551.9,114520.44285714284,111567.62857142858,111567.62857142858,-0.08745044984326496
BTC-USD-SWAP,LONG,112610.5,114623.49999999999,111604.0,111604.0,-0.08937887674772779
BTC-USD-SWAP,LONG,112682.7,114700.81428571427,111673.64285714286,111673.64285714286,-0.08954854142269772
BTC-USD-SWAP,SHORT,112480.0,110500.3142857143,113469.84285714285,110500.3142857143,0.17600335297703631
BTC-USD-SWAP,SHORT,112476.2,110631.05714285714,113398.77142857142,110631.05714285714,0.1640474035522942
BTC-USD-SWAP,SHORT,112432.7,110794.9,113251.59999999999,110794.9,0.14566936487338675
BTC-USD-SWAP,SHORT,112415.4,110802.31428571428,113221.94285714284,110802.31428571428,0.14349330378984668
BTC-USD-SWAP,LONG,112440.6,114003.8,111659.0,111659.0,-0.06951225802779475
BTC-USD-SWAP,LONG,112554.1,114086.64285714286,111787.82857142857,111787.82857142857,-0.06808027682433886
BTC-USD-SWAP,SHORT,112281.3,110815.21428571429,113014.34285714285,110815.21428571429,0.1305725632216329
BTC-USD-SWAP,SHORT,112386.9,111033.55714285714,113063.57142857142,111033.55714285714,0.12041820329085082
BTC-USD-SWAP,SHORT,112130.0,110787.14285714286,112801.42857142857,110787.14285714286,0.11975895325578746
BTC-USD-SWAP,SHORT,111948.0,110558.8,112642.59999999999,110558.8,0.12409332904562807
BTC-USD-SWAP,SHORT,111149.8,109665.65714285715,111891.87142857142,109665.65714285715,0.13352636326316872
BTC-USD-SWAP,SHORT,110669.2,109079.08571428573,111464.25714285714,111464.25714285714,-0.07184086835877931
BTC-USD-SWAP,SHORT,110031.9,108197.8142857143,110948.94285714284,110948.94285714284,-0.083343362892293
BTC-USD-SWAP,LONG,110484.9,112404.24285714283,109525.22857142857,109525.22857142857,-0.08685996263484207
BTC-USD-SWAP,SHORT,109911.4,107792.77142857143,110970.71428571428,110970.71428571428,-0.09637892754657672
BTC-USD-SWAP,SHORT,109527.6,107350.05714285717,110616.37142857142,110616.37142857142,-0.09940612490106761
BTC-USD-SWAP,SHORT,109462.7,107263.58571428573,110562.25714285712,110562.25714285712,-0.10045039477896374
BTC-USD-SWAP,LONG,109495.4,111727.51428571426,108379.34285714285,111727.51428571426,0.20385461724549797
BTC-USD-SWAP,LONG,110028.8,112459.54285714285,108813.42857142858,112459.54285714285,0.22091878282257427
BTC-USD-SWAP,SHORT,109868.6,107373.9142857143,111115.94285714286,111115.94285714286,-0.1135304224448889
BTC-USD-SWAP,LONG,109999.3,112479.07142857142,108759.4142857143,112479.07142857142,0.2254352008214068
BTC-USD-SWAP,LONG,110356.4,112902.54285714283,109083.32857142857,112902.54285714283,0.23071999966860468
BTC-USD-SWAP,LONG,110556.0,113096.31428571427,109285.84285714287,109285.84285714287,-0.11488812392426764
BTC-USD-SWAP,SHORT,110130.9,107580.95714285715,111405.87142857142,111405.87142857142,-0.11576872871931757
BTC-USD-SWAP,SHORT,110036.1,107647.01428571431,111230.64285714286,111230.64285714286,-0.10855917804637288
BTC-USD-SWAP,SHORT,109918.0,107644.97142857144,111054.51428571428,111054.51428571428,-0.1033965579535907
BTC-USD-SWAP,LONG,110160.0,112190.4857142857,109144.75714285715,112190.4857142857,0.18432150638032926
BTC-USD-SWAP,SHORT,110100.1,108173.38571428573,111063.45714285715,111063.45714285715,-0.08749829862617244
BTC-USD-SWAP,SHORT,109708.6,107928.94285714287,110598.42857142858,110598.42857142858,-0.08110836993896321
BTC-USD-SWAP,SHORT,109634.0,107908.37142857144,110496.81428571428,110496.81428571428,-0.07869951709454011
BTC-USD-SWAP,SHORT,109182.8,107399.25714285715,110074.57142857143,110074.57142857143,-0.08167691509756407
BTC-USD-SWAP,SHORT,109063.4,107203.82857142857,109993.1857142857,109993.1857142857,-0.08525185481891359
BTC-USD-SWAP,LONG,109391.1,111290.5,108441.40000000001,111290.5,0.17363386966581323
BTC-USD-SWAP,LONG,109732.0,111658.14285714284,108768.92857142858,111658.14285714284,0.17553155480104624
BTC-USD-SWAP,SHORT,109615.5,107685.6142857143,110580.44285714286,110580.44285714286,-0.08802978202378842
BTC-USD-SWAP,LONG,109886.0,111787.51428571428,108935.24285714286,111787.51428571428,0.17304427185576673
BTC-USD-SWAP,LONG,109990.0,111907.17142857143,109031.41428571429,111907.17142857143,0.17430415752081335
BTC-USD-SWAP,SHORT,109622.1,107750.4142857143,110557.94285714286,110557.94285714286,-0.08536990781446917
BTC-USD-SWAP,LONG,109690.8,111550.91428571427,108760.74285714286,111550.91428571427,0.1695779669502155
BTC-USD-SWAP,SHORT,109561.9,107719.87142857144,110482.91428571427,110482.91428571427,-0.08406337291652284
BTC-USD-SWAP,LONG,109756.0,111675.11428571427,108796.44285714286,111675.11428571427,0.17485279034533596
BTC-USD-SWAP,LONG,109842.1,111622.07142857142,108952.1142857143,111622.07142857142,0.1620481972368895
BTC-USD-SWAP,SHORT,109836.1,108159.9285714286,110674.18571428572,110674.18571428572,-0.07630330231005225
BTC-USD-SWAP,LONG,110125.7,111690.24285714285,109343.42857142858,109343.42857142858,-0.07103441145631015
BTC-USD-SWAP,LONG,110147.2,111573.48571428569,109434.05714285714,109434.05714285714,-0.06474452887979495
BTC-USD-SWAP,SHORT,109999.2,108805.05714285716,110596.27142857142,110596.27142857142,-0.05427961554006031
BTC-USD-SWAP,LONG,110080.0,111191.42857142857,109524.28571428572,109524.28571428572,-0.05048276578072996
BTC-USD-SWAP,LONG,110221.5,111299.75714285714,109682.37142857144,109682.37142857144,-0.048913194923727435
BTC-USD-SWAP,SHORT,110139.1,109120.8142857143,110648.24285714286,110648.24285714286,-0.04622725781696555
BTC-USD-SWAP,LONG,110290.1,111286.32857142857,109791.98571428572,109791.98571428572,-0.04516400707899295
BTC-USD-SWAP,SHORT,110174.0,109226.54285714286,110647.72857142857,110647.72857142857,-0.042998218402578475
BTC-USD-SWAP,LONG,110255.2,111166.79999999999,109799.4,109799.4,-0.04134045378358598
BTC-USD-SWAP,SHORT,109992.1,109034.95714285715,110470.67142857143,110470.67142857143,-0.04350961828816981
BTC-USD-SWAP,SHORT,109980.8,109048.34285714287,110447.02857142857,110447.02857142857,-0.042391814883013045
BTC-USD-SWAP,SHORT,109966.0,109121.85714285714,110388.07142857142,110388.07142857142,-0.03838199339536041
BTC-USD-SWAP,SHORT,109768.5,108883.52857142859,110210.9857142857,110210.9857142857,-0.0403108099578392
BTC-USD-SWAP,LONG,109948.7,110872.69999999998,109486.7,109486.7,-0.04201959641178113
BTC-USD-SWAP,LONG,110273.7,111282.9,109769.1,109769.1,-0.045758870882176915
BTC-USD-SWAP,SHORT,110253.0,109247.3142857143,110755.84285714285,110755.84285714285,-0.04560808840964437
BTC-USD-SWAP,SHORT,110246.1,109257.52857142859,110740.38571428572,110740.38571428572,-0.04483475735519987
BTC-USD-SWAP,SHORT,110051.6,108992.77142857145,110581.0142857143,110581.0142857143,-0.04810600533879443
BTC-USD-SWAP,LONG,110142.9,111196.61428571427,109616.04285714285,109616.04285714285,-0.04783396322932708
BTC-USD-SWAP,SHORT,110074.5,108953.6142857143,110634.94285714286,110634.94285714286,-0.050914867398249186
BTC-USD-SWAP,LONG,110238.0,111356.57142857142,109678.71428571429,109678.71428571429,-0.05073438508370164
BTC-USD-SWAP,LONG,110301.5,111426.41428571427,109739.04285714286,109739.04285714286,-0.05099270117424842
BTC-USD-SWAP,SHORT,110033.2,108881.97142857143,110608.81428571428,110608.81428571428,-0.05231278247967742
BTC-USD-SWAP,LONG,110132.0,111189.74285714286,109603.12857142858,109603.12857142858,-0.048021594865381836
BTC-USD-SWAP,LONG,110335.9,111442.41428571427,109782.64285714286,109782.64285714286,-0.05014298545234498
BTC-USD-SWAP,SHORT,110307.5,109210.78571428571,110855.85714285714,110855.85714285714,-0.04971168260155882
BTC-USD-SWAP,SHORT,110341.0,109292.91428571429,110865.04285714286,110865.04285714286,-0.047493031343096744
BTC-USD-SWAP,SHORT,110190.1,109138.38571428572,110715.95714285715,110715.95714285715,-0.04772272126598895
BTC-USD-SWAP,SHORT,110007.9,109069.01428571428,110477.34285714285,110477.34285714285,-0.04267355863923027
BTC-USD-SWAP,SHORT,109823.0,108876.34285714287,110296.32857142857,110296.32857142857,-0.0430992206940781
BTC-USD-SWAP,SHORT,109627.9,108659.78571428571,110111.95714285714,110111.95714285714,-0.04415455763151005
BTC-USD-SWAP,LONG,109849.8,110774.88571428572,109387.25714285714,110774.88571428572,0.08421369126623016
BTC-USD-SWAP,SHORT,109613.1,108647.95714285715,110095.67142857144,110095.67142857144,-0.04402497772359643
BTC-USD-SWAP,LONG,109692.8,110604.05714285716,109237.17142857143,110604.05714285716,0.0830735602388811
BTC-USD-SWAP,LONG,110484.8,111646.77142857143,109903.81428571428,109903.81428571428,-0.05258512612465441
BTC-USD-SWAP,SHORT,110170.5,108801.21428571428,110855.14285714286,110855.14285714286,-0.06214393663846993
BTC-USD-SWAP,SHORT,110124.2,108783.51428571428,110794.54285714286,110794.54285714286,-0.060871530248834196
BTC-USD-SWAP,SHORT,109816.1,108396.27142857143,110526.0142857143,110526.0142857143,-0.06464573825825966
BTC-USD-SWAP,LONG,109850.0,111340.0,109105.0,111340.0,0.1356395084205735
BTC-USD-SWAP,LONG,110050.1,111701.35714285714,109224.47142857143,111701.35714285714,0.1500459466058767
BTC-USD-SWAP,SHORT,109841.9,108076.81428571428,110724.44285714286,110724.44285714286,-0.08034664887833001
BTC-USD-SWAP,LONG,110164.3,112078.95714285715,109206.97142857143,112078.95714285715,0.17380014604160765
BTC-USD-SWAP,LONG,110353.4,112312.8857142857,109373.65714285713,109373.65714285713,-0.08878229915370627
BTC-USD-SWAP,SHORT,110338.0,108343.94285714286,111335.02857142857,111335.02857142857,-0.09036130539148535
BTC-USD-SWAP,LONG,110485.7,112476.12857142856,109490.4857142857,109490.4857142857,-0.09007629817381706
ETH-USD-SWAP,SHORT,4730.89,4652.638571428572,4770.015714285714,4652.638571428572,0.1654053012676869
ETH-USD-SWAP,LONG,4745.5,4823.948571428572,4706.2757142857145,4706.2757142857145,-0.08265574905549583
ETH-USD-SWAP,LONG,4749.4,4821.422857142857,4713.388571428571,4713.388571428571,-0.07582311149077559
ETH-USD-SWAP,LONG,4754.88,4817.365714285715,4723.637142857143,4723.637142857143,-0.0657069308644114
ETH-USD-SWAP,SHORT,4746.46,4686.5199999999995,4776.43,4686.5199999999995,0.12628358818993632
ETH-USD-SWAP,LONG,4752.69,4810.261428571428,4723.904285714285,4723.904285714285,-0.060567203595678826
ETH-USD-SWAP,LONG,4752.84,4805.357142857143,4726.581428571429,4726.581428571429,-0.05524817041720631
ETH-USD-SWAP,LONG,4756.14,4806.197142857143,4731.111428571428,4731.111428571428,-0.052623706258797934
ETH-USD-SWAP,LONG,4751.11,4798.604285714286,4727.362857142856,4727.362857142856,-0.04998230488694946
ETH-USD-SWAP,LONG,4757.31,4802.572857142858,4734.678571428572,4734.678571428572,-0.04757190212836423
ETH-USD-SWAP,SHORT,4750.1,4704.4,4772.950000000001,4704.4,0.09620850087366734
ETH-USD-SWAP,LONG,4755.82,4801.365714285715,4733.047142857143,4733.047142857143,-0.04788418641339873
ETH-USD-SWAP,SHORT,4746.39,4699.849999999999,4769.660000000001,4699.849999999999,0.098053468004106
ETH-USD-SWAP,LONG,4751.04,4793.614285714286,4729.752857142857,4729.752857142857,-0.04480522760731
ETH-USD-SWAP,SHORT,4749.36,4709.288571428571,4769.395714285714,4709.288571428571,0.0843722703089015
ETH-USD-SWAP,SHORT,4738.04,4696.814285714286,4758.652857142857,4696.814285714286,0.08701005961476534
ETH-USD-SWAP,LONG,4745.28,4787.122857142856,4724.358571428571,4724.358571428571,-0.04408892324884687
ETH-USD-SWAP,LONG,4749.11,4788.275714285714,4729.527142857142,4729.527142857142,-0.04123479376737409
ETH-USD-SWAP,LONG,4757.71,4797.384285714286,4737.872857142857,4737.872857142857,-0.04169472888667591
ETH-USD-SWAP,LONG,4762.1,4803.3,4741.5,4741.5,-0.04325822641271784
ETH-USD-SWAP,SHORT,4759.45,4717.969999999999,4780.19,4717.969999999999,0.0871529273340417
ETH-USD-SWAP,LONG,4787.09,4834.061428571429,4763.604285714286,4763.604285714286,-0.04906052379569737
ETH-USD-SWAP,SHORT,4786.66,4738.505714285714,4810.737142857142,4738.505714285714,0.1006010155605074
ETH-USD-SWAP,SHORT,4775.32,4726.048571428571,4799.955714285714,4726.048571428571,0.1031793232106503
ETH-USD-SWAP,LONG,4778.69,4828.541428571428,4753.7642857142855,4753.7642857142855,-0.05216014071997576
ETH-USD-SWAP,LONG,4784.06,4832.18,4760.000000000001,4760.000000000001,-0.05029201138781597
ETH-USD-SWAP,LONG,4793.0,4844.591428571428,4767.204285714286,4767.204285714286,-0.053819558284402214
ETH-USD-SWAP,LONG,4812.24,4869.254285714285,4783.732857142857,4783.732857142857,-0.05923882195639194
ETH-USD-SWAP,SHORT,4799.44,4741.265714285714,4828.527142857142,4741.265714285714,0.12121056980457172
ETH-USD-SWAP,SHORT,4774.94,4709.834285714285,4807.492857142856,4709.834285714285,0.1363487589073672
ETH-USD-SWAP,SHORT,4771.4,4701.631428571428,4806.284285714285,4701.631428571428,0.1462224324696561
ETH-USD-SWAP,LONG,4791.06,4866.085714285715,4753.547142857144,4753.547142857144,-0.0782976150222639
ETH-USD-SWAP,SHORT,4776.28,4698.08,4815.38,4698.08,0.16372574472183335
ETH-USD-SWAP,LONG,4776.7,4856.66,4736.72,4736.72,-0.08369795046789533
ETH-USD-SWAP,LONG,4788.01,4863.978571428572,4750.0257142857145,4750.0257142857145,-0.07933209353005896
ETH-USD-SWAP,SHORT,4783.7,4708.0142857142855,4821.5428571428565,4708.0142857142855,0.15821584607252612
ETH-USD-SWAP,SHORT,4775.68,4700.231428571429,4813.404285714286,4700.231428571429,0.157984981046827
ETH-USD-SWAP,SHORT,4760.0,4683.68,4798.16,4683.68,0.16033613445378092
ETH-USD-SWAP,LONG,4762.78,4840.539999999999,4723.9,4723.9,-0.08163299585536202
ETH-USD-SWAP,LONG,4777.08,4857.574285714286,4736.832857142857,4736.832857142857,-0.08425051047322327
ETH-USD-SWAP,LONG,4788.37,4868.87,4748.12,4748.12,-0.08405783178827034
ETH-USD-SWAP,LONG,4788.89,4867.75,4749.46,4749.46,-0.08233640781057884
ETH-USD-SWAP,SHORT,4777.76,4699.657142857143,4816.811428571429,4699.657142857143,0.16347170461232235
ETH-USD-SWAP,LONG,4781.51,4853.638571428572,4745.4457142857145,4745.4457142857145,-0.07542446991491325
ETH-USD-SWAP,LONG,4793.52,4863.537142857143,4758.511428571429,4758.511428571429,-0.07303311851952528
ETH-USD-SWAP,SHORT,4788.25,4723.524285714286,4820.612857142857,4723.524285714286,0.1351761380164241
ETH-USD-SWAP,LONG,4791.69,4852.3385714285705,4761.365714285714,4761.365714285714,-0.06328515766730716
ETH-USD-SWAP,SHORT,4787.18,4727.357142857143,4817.091428571429,4727.357142857143,0.12496471230005383
ETH-USD-SWAP,SHORT,4782.88,4724.74,4811.95,4724.74,0.12155855885993445
ETH-USD-SWAP,SHORT,4780.81,4724.17,4809.13,4724.17,0.1184736477709851
ETH-USD-SWAP,SHORT,4777.06,4719.314285714287,4805.932857142858,4719.314285714287,0.12088128322799756
ETH-USD-SWAP,SHORT,4772.17,4715.084285714286,4800.7128571428575,4715.084285714286,0.1196221305731228
ETH-USD-SWAP,SHORT,4760.6,4703.677142857144,4789.061428571429,4703.677142857144,0.11957076238889347
ETH-USD-SWAP,LONG,4770.47,4825.358571428571,4743.0257142857145,4743.0257142857145,-0.05752952164940938
ETH-USD-SWAP,LONG,4779.4,4835.265714285713,4751.467142857143,4751.467142857143,-0.05844427573096382
ETH-USD-SWAP,SHORT,4758.95,4704.398571428572,4786.225714285713,4704.398571428572,0.11462912737353409
ETH-USD-SWAP,LONG,4770.71,4830.141428571428,4740.994285714286,4740.994285714286,-0.06228782358540774
ETH-USD-SWAP,LONG,4772.48,4831.317142857141,4743.061428571428,4743.061428571428,-0.06164210521274336
ETH-USD-SWAP,LONG,4775.74,4834.251428571428,4746.484285714286,4746.484285714286,-0.06125901804896
ETH-USD-SWAP,LONG,4776.9,4834.6571428571415,4748.021428571428,4748.021428571428,-0.06045462837524625
ETH-USD-SWAP,SHORT,4764.04,4704.525714285715,4793.797142857143,4704.525714285715,0.1249239840855337
ETH-USD-SWAP,LONG,4774.1,4834.171428571428,4744.064285714287,4744.064285714287,-0.06291387755956884
ETH-USD-SWAP,LONG,4784.5,4846.36857142857,4753.565714285714,4753.565714285714,-0.06465521102369229
ETH-USD-SWAP,SHORT,4771.47,4710.487142857144,4801.961428571429,4710.487142857144,0.12780727352965882
ETH-USD-SWAP,SHORT,4765.32,4705.9342857142865,4795.012857142857,4705.9342857142865,0.12462062208983495
ETH-USD-SWAP,SHORT,4748.86,4686.0,4780.289999999999,4686.0,0.13236861057179972
ETH-USD-SWAP,SHORT,4739.91,4679.110000000001,4770.3099999999995,4679.110000000001,0.12827247774746625
ETH-USD-SWAP,SHORT,4733.71,4672.481428571429,4764.324285714286,4672.481428571429,0.1293458438065932
ETH-USD-SWAP,LONG,4738.47,4801.2242857142855,4707.092857142858,4707.092857142858,-0.06621787804321362
ETH-USD-SWAP,LONG,4739.22,4796.0599999999995,4710.8,4710.8,-0.059967674005427206
ETH-USD-SWAP,LONG,4747.18,4805.457142857143,4718.041428571429,4718.041428571429,-0.06138080171506366
ETH-USD-SWAP,LONG,4748.91,4808.767142857142,4718.981428571428,4718.981428571428,-0.06302198068308634
ETH-USD-SWAP,LONG,4745.7,4808.86,4714.12,4714.12,-0.0665444507659564
ETH-USD-SWAP,LONG,4750.21,4812.012857142857,4719.308571428572,4719.308571428572,-0.06505276308084984
ETH-USD-SWAP,LONG,4754.97,4816.335714285715,4724.287142857143,4724.287142857143,-0.06452797208574784
ETH-USD-SWAP,LONG,4767.7,4829.817142857142,4736.641428571428,4736.641428571428,-0.06514372009264775
ETH-USD-SWAP,LONG,4773.13,4835.727142857143,4741.831428571429,4741.831428571429,-0.06557242611990757
ETH-USD-SWAP,SHORT,4763.17,4698.33,4795.59,4698.33,0.13612783083534735
ETH-USD-SWAP,LONG,4768.79,4831.078571428571,4737.645714285714,4737.645714285714,-0.06530857033814787
ETH-USD-SWAP,LONG,4769.17,4830.298571428571,4738.605714285714,4738.605714285714,-0.06408722212520353
ETH-USD-SWAP,LONG,4780.51,4843.101428571428,4749.214285714286,4749.214285714286,-0.06546522083567231
ETH-USD-SWAP,LONG,4795.01,4855.318571428571,4764.855714285714,4764.855714285714,-0.06288680464542479
ETH-USD-SWAP,LONG,4809.17,4878.467142857143,4774.521428571429,4774.521428571429,-0.07204688424108714
ETH-USD-SWAP,LONG,4817.12,4888.84,4781.26,4781.26,-0.07444282060650279
ETH-USD-SWAP,SHORT,4813.29,4739.1442857142865,4850.362857142857,4739.1442857142865,0.15404372951913023
ETH-USD-SWAP,SHORT,4798.0,4723.597142857144,4835.201428571429,4723.597142857144,0.15507056511641557
ETH-USD-SWAP,LONG,4816.8,4895.674285714285,4777.362857142857,4777.362857142857,-0.08187415474411028
ETH-USD-SWAP,LONG,4818.05,4899.098571428572,4777.5257142857145,4777.5257142857145,-0.08410930918999539
ETH-USD-SWAP,LONG,4824.0,4908.168571428571,4781.915714285715,4781.915714285715,-0.08723939824685989
ETH-USD-SWAP,SHORT,4821.88,4738.280000000001,4863.68,4738.280000000001,0.17337635942827165
ETH-USD-SWAP,LONG,4872.1,4966.254285714286,4825.022857142857,4825.022857142857,-0.09662597823760466
ETH-USD-SWAP,SHORT,4857.99,4759.915714285714,4907.027142857143,4759.915714285714,0.2018824363868306
ETH-USD-SWAP,LONG,4929.6,5047.4514285714295,4870.674285714286,4870.674285714286,-0.11953447396485331
ETH-USD-SWAP,SHORT,4905.34,4782.74,4966.64,4782.74,0.24993170707840917
ETH-USD-SWAP,LONG,4921.5,5050.580000000001,4856.96,4856.96,-0.1311388804226353
ETH-USD-SWAP,LONG,4942.73,5077.2357142857145,4875.477142857142,4875.477142857142,-0.1360641935587367
ETH-USD-SWAP,SHORT,4930.8,4799.431428571428,4996.484285714286,4799.431428571428,0.2664244573468242
ETH-USD-SWAP,LONG,4934.61,5066.721428571428,4868.5542857142855,4868.5542857142855,-0.13386207681197543
ETH-USD-SWAP,LONG,4941.38,5073.697142857143,4875.221428571428,4875.221428571428,-0.13388683207640786
ETH-USD-SWAP,SHORT,4937.8,4804.034285714286,5004.682857142858,4804.034285714286,0.27090144251633164
ETH-USD-SWAP,SHORT,4850.65,4668.8157142857135,4941.567142857142,4668.8157142857135,0.37486581327097634
ETH-USD-SWAP,SHORT,4813.2,4607.817142857142,4915.891428571428,4607.817142857142,0.42670750673742536
ETH-USD-SWAP,SHORT,4738.8,4510.9914285714285,4852.704285714286,4510.9914285714285,0.48073050440738513
ETH-USD-SWAP,LONG,4794.1,5041.120000000001,4670.59,4670.59,-0.25762916918712625
ETH-USD-SWAP,LONG,4809.8,5050.217142857143,4689.591428571429,4689.591428571429,-0.2499242617750661
ETH-USD-SWAP,SHORT,4786.53,4545.638571428572,4906.975714285714,4545.638571428572,0.5032694427308053
ETH-USD-SWAP,SHORT,4780.6,4551.754285714286,4895.022857142858,4551.754285714286,0.4786966370031254
ETH-USD-SWAP,LONG,4792.3,5015.802857142858,4680.548571428571,4680.548571428571,-0.23318955109535866
ETH-USD-SWAP,LONG,4797.58,5021.654285714286,4685.542857142857,4685.542857142857,-0.23352845154670165
ETH-USD-SWAP,SHORT,4784.63,4560.601428571428,4896.644285714286,4560.601428571428,0.46822548750597626
ETH-USD-SWAP,SHORT,4777.21,4552.09,4889.77,4552.09,0.4712373958858829
ETH-USD-SWAP,SHORT,4729.08,4498.0142857142855,4844.612857142857,4498.0142857142855,0.48860605928788353
ETH-USD-SWAP,LONG,4753.27,4987.038571428572,4636.385714285715,4636.385714285715,-0.24590289572080984
ETH-USD-SWAP,LONG,4780.9,5019.122857142857,4661.788571428571,4661.788571428571,-0.24914017982268696
ETH-USD-SWAP,LONG,4792.18,4982.851428571429,4696.844285714285,4696.844285714285,-0.19894017813545162
ETH-USD-SWAP,LONG,4795.41,4961.884285714286,4712.172857142857,4712.172857142857,-0.17357669700222345
ETH-USD-SWAP,LONG,4796.02,4937.062857142858,4725.498571428571,4725.498571428571,-0.14704156482130842
ETH-USD-SWAP,SHORT,4779.7,4652.5771428571425,4843.261428571429,4652.5771428571425,0.2659640921874958
ETH-USD-SWAP,LONG,4788.08,4912.785714285715,4725.727142857143,4725.727142857143,-0.13022517824024854
ETH-USD-SWAP,SHORT,4760.73,4633.695714285714,4824.2471428571425,4633.695714285714,0.2668378288923883
ETH-USD-SWAP,SHORT,4692.91,4551.03,4763.85,4551.03,0.3023284060423066
ETH-USD-SWAP,LONG,4700.19,4844.738571428572,4627.915714285714,4627.915714285714,-0.1537688597998926
ETH-USD-SWAP,LONG,4718.81,4860.5700000000015,4647.93,4647.93,-0.15020736160176
ETH-USD-SWAP,LONG,4738.38,4881.537142857143,4666.801428571428,4666.801428571428,-0.1510612729003839
ETH-USD-SWAP,SHORT,4715.1,4574.311428571428,4785.494285714287,4574.311428571428,0.2985908494593373
ETH-USD-SWAP,LONG,4731.39,4864.012857142858,4665.078571428571,4665.078571428571,-0.14015210872794068
ETH-USD-SWAP,LONG,4753.82,4885.431428571429,4688.0142857142855,4688.0142857142855,-0.13842702139692753
ETH-USD-SWAP,LONG,4762.33,4890.335714285715,4698.3271428571425,4698.3271428571425,-0.13439399861592427
ETH-USD-SWAP,SHORT,4757.71,4634.244285714285,4819.442857142857,4634.244285714285,0.2595065993633806
ETH-USD-SWAP,LONG,4764.25,4889.09,4701.83,4701.83,-0.13101747389410728
ETH-USD-SWAP,SHORT,4753.24,4626.271428571428,4816.7242857142855,4626.271428571428,0.26712005164597524
ETH-USD-SWAP,SHORT,4740.14,4615.5085714285715,4802.455714285715,4615.5085714285715,0.2629277375170962
ETH-USD-SWAP,LONG,4748.61,4873.721428571429,4686.0542857142855,4686.0542857142855,-0.1317347903612093
ETH-USD-SWAP,SHORT,4726.8,4601.517142857143,4789.441428571429,4601.517142857143,0.2650479333647652
ETH-USD-SWAP,SHORT,4707.59,4599.889999999999,4761.4400000000005,4599.889999999999,0.22877948164559941
ETH-USD-SWAP,LONG,4711.24,4816.2,4658.759999999999,4658.759999999999,-0.11139317886586222
ETH-USD-SWAP,LONG,4717.67,4815.358571428572,4668.825714285715,4668.825714285715,-0.10353476549713192
ETH-USD-SWAP,SHORT,4706.0,4608.162857142857,4754.918571428571,4608.162857142857,0.20789873110315063
ETH-USD-SWAP,LONG,4725.0,4823.828571428571,4675.585714285714,4675.585714285714,-0.10458049886621386
ETH-USD-SWAP,SHORT,4720.49,4623.841428571428,4768.814285714286,4623.841428571428,0.20474266745310724
ETH-USD-SWAP,SHORT,4704.1,4608.214285714286,4752.042857142857,4608.214285714286,0.20383434511535492
ETH-USD-SWAP,SHORT,4687.28,4588.391428571428,4736.7242857142855,4588.391428571428,0.21097218734227868
ETH-USD-SWAP,SHORT,4675.89,4571.324285714286,4728.1728571428575,4571.324285714286,0.22362740416415786
ETH-USD-SWAP,SHORT,4651.9,4546.179999999999,4704.759999999999,4546.179999999999,0.2272619789763328
ETH-USD-SWAP,SHORT,4630.0,4520.46,4684.7699999999995,4520.46,0.23658747300215974
ETH-USD-SWAP,LONG,4640.6,4751.814285714286,4584.992857142857,4584.992857142857,-0.11982748536211506
ETH-USD-SWAP,SHORT,4621.21,4513.127142857144,4675.251428571429,4513.127142857144,0.23388432281341137
ETH-USD-SWAP,SHORT,4624.48,4516.465714285714,4678.487142857142,4516.465714285714,0.23357066246212657
ETH-USD-SWAP,SHORT,4590.3,4475.4114285714295,4647.744285714286,4475.4114285714295,0.2502855400051645
ETH-USD-SWAP,LONG,4590.4,4710.822857142856,4530.188571428571,4530.188571428571,-0.13116815216850117
ETH-USD-SWAP,LONG,4601.89,4723.127142857143,4541.271428571429,4541.271428571429,-0.13172538115550603
ETH-USD-SWAP,SHORT,4598.84,4478.054285714286,4659.232857142857,4478.054285714286,0.26264387168441117
ETH-USD-SWAP,SHORT,4598.0,4479.857142857143,4657.071428571428,4479.857142857143,0.25694401292487357
ETH-USD-SWAP,SHORT,4591.93,4470.610000000001,4652.59,4470.610000000001,0.2642026337509494
ETH-USD-SWAP,SHORT,4584.5,4463.048571428572,4645.225714285714,4463.048571428572,0.2649175015190918
ETH-USD-SWAP,LONG,4604.82,4727.262857142857,4543.598571428572,4543.598571428572,-0.132950752844689
ETH-USD-SWAP,LONG,4612.39,4727.887142857143,4554.641428571429,4554.641428571429,-0.12520314073305003
ETH-USD-SWAP,SHORT,4601.79,4488.67,4658.349999999999,4488.67,0.24581738845101558
ETH-USD-SWAP,SHORT,4551.9,4428.394285714286,4613.652857142856,4428.394285714286,0.2713278285676619
ETH-USD-SWAP,SHORT,4542.75,4417.081428571429,4605.584285714285,4417.081428571429,0.27663545523872396
ETH-USD-SWAP,LONG,4543.4,4669.5428571428565,4480.328571428571,4480.328571428571,-0.13881988944717272
ETH-USD-SWAP,LONG,4557.2,4678.9,4496.35,4496.35,-0.13352497147371073
ETH-USD-SWAP,LONG,4566.95,4682.4014285714275,4509.2242857142855,4509.2242857142855,-0.1263988313550932
ETH-USD-SWAP,LONG,4583.25,4694.969999999999,4527.39,4527.39,-0.12187857961053766
ETH-USD-SWAP,LONG,4598.91,4708.8785714285705,4543.925714285714,4543.925714285714,-0.11955938627693467
ETH-USD-SWAP,LONG,4604.74,4715.228571428571,4549.495714285715,4549.495714285715,-0.11997264930112247
ETH-USD-SWAP,LONG,4620.32,4732.937142857142,4564.011428571429,4564.011428571429,-0.12187158341537115
ETH-USD-SWAP,LONG,4633.41,4746.241428571428,4576.994285714286,4576.994285714286,-0.12175851972027918
ETH-USD-SWAP,LONG,4645.41,4757.618571428571,4589.305714285714,4589.305714285714,-0.12077359310434527
ETH-USD-SWAP,SHORT,4635.9,4528.334285714286,4689.682857142857,4528.334285714286,0.23202768456117157
ETH-USD-SWAP,SHORT,4623.09,4500.767142857144,4684.251428571429,4500.767142857144,0.2645911222642351
ETH-USD-SWAP,LONG,4628.5,4745.36,4570.070000000001,4570.070000000001,-0.12623960246299964
ETH-USD-SWAP,LONG,4662.61,4784.547142857142,4601.641428571428,4601.641428571428,-0.1307606071032566
ETH-USD-SWAP,SHORT,4647.29,4522.435714285715,4709.717142857143,4522.435714285715,0.26866041437974547
ETH-USD-SWAP,SHORT,4640.7,4510.345714285714,4705.877142857143,4510.345714285714,0.2808935844038306
ETH-USD-SWAP,LONG,4658.59,4788.958571428571,4593.405714285715,4593.405714285715,-0.13992277859671182
ETH-USD-SWAP,SHORT,4633.29,4499.532857142857,4700.168571428571,4499.532857142857,0.288687180938691
ETH-USD-SWAP,SHORT,4630.38,4494.848571428572,4698.145714285714,4494.848571428572,0.29270044482618807
ETH-USD-SWAP,SHORT,4627.62,4491.905714285715,4695.477142857143,4491.905714285715,0.2932701598538457
ETH-USD-SWAP,SHORT,4611.18,4475.337142857144,4679.101428571429,4475.337142857144,0.2945945661259302
ETH-USD-SWAP,LONG,4631.21,4769.67,4561.9800000000005,4561.9800000000005,-0.1494857715370272
ETH-USD-SWAP,SHORT,4618.7,4478.631428571429,4688.734285714286,4478.631428571429,0.30326406007874723
ETH-USD-SWAP,LONG,4621.69,4764.967142857142,4550.051428571428,4550.051428571428,-0.15500514190387413
ETH-USD-SWAP,SHORT,4595.0,4455.134285714286,4664.932857142857,4455.134285714286,0.30438675579045416
ETH-USD-SWAP,SHORT,4582.29,4445.698571428572,4650.585714285714,4445.698571428572,0.29808551744090395
ETH-USD-SWAP,LONG,4591.12,4721.842857142857,4525.7585714285715,4525.7585714285715,-0.14236488824388907
ETH-USD-SWAP,SHORT,4578.52,4456.68,4639.4400000000005,4456.68,0.2661121934598956
ETH-USD-SWAP,LONG,4585.48,4704.397142857142,4526.021428571428,4526.021428571428,-0.1296670608716455
ETH-USD-SWAP,LONG,4591.49,4706.992857142856,4533.738571428571,4533.738571428571,-0.12577927551062668
ETH-USD-SWAP,SHORT,4583.74,4470.291428571429,4640.464285714285,4470.291428571429,0.24750219564934114
ETH-USD-SWAP,SHORT,4574.35,4467.587142857144,4627.731428571429,4467.587142857144,0.23339459626582304
ETH-USD-SWAP,SHORT,4574.13,4470.7185714285715,4625.835714285714,4470.7185714285715,0.2260789014991454
ETH-USD-SWAP,SHORT,4556.16,4453.9857142857145,4607.2471428571425,4453.9857142857145,0.22425526257700643
ETH-USD-SWAP,SHORT,4522.61,4412.7585714285715,4577.535714285714,4412.7585714285715,0.24289387891378691
ETH-USD-SWAP,SHORT,4465.84,4347.551428571429,4524.984285714286,4524.984285714286,-0.1324370907025008
ETH-USD-SWAP,SHORT,4418.54,4290.022857142857,4482.798571428571,4482.798571428571,-0.14542942109513884
ETH-USD-SWAP,SHORT,4398.91,4257.91,4469.41,4469.41,-0.16026697522795422
ETH-USD-SWAP,LONG,4406.65,4549.598571428572,4335.175714285714,4549.598571428572,0.324392841338822
ETH-USD-SWAP,SHORT,4371.69,4216.447142857142,4449.311428571428,4449.311428571428,-0.177554741007319
ETH-USD-SWAP,SHORT,4351.14,4191.988571428572,4430.715714285715,4430.715714285715,-0.1828847481021402
ETH-USD-SWAP,SHORT,4350.8,4187.317142857143,4432.541428571429,4432.541428571429,-0.18787677799813485
ETH-USD-SWAP,LONG,4355.8,4519.997142857143,4273.701428571429,4519.997142857143,0.37696208011649585
ETH-USD-SWAP,LONG,4361.05,4530.592857142858,4276.278571428572,4530.592857142858,0.38876613921614617
ETH-USD-SWAP,SHORT,4350.18,4174.331428571429,4438.104285714286,4438.104285714286,-0.20211643130694676
ETH-USD-SWAP,LONG,4364.22,4541.142857142857,4275.7585714285715,4541.142857142857,0.4053939928391708
ETH-USD-SWAP,LONG,4390.18,4575.182857142858,4297.678571428572,4575.182857142858,0.42140153055878676
ETH-USD-SWAP,LONG,4414.49,4601.558571428572,4320.955714285714,4601.558571428572,0.4237603243603948
ETH-USD-SWAP,SHORT,4391.67,4210.2814285714285,4482.364285714286,4482.364285714286,-0.20651434582809228
ETH-USD-SWAP,SHORT,4373.61,4205.138571428571,4457.845714285714,4457.845714285714,-0.19259996727123474
ETH-USD-SWAP,SHORT,4364.58,4204.9742857142855,4444.382857142857,4444.382857142857,-0.18284200803480918
ETH-USD-SWAP,LONG,4384.3,4531.46,4310.72,4531.46,0.33565221358027475
ETH-USD-SWAP,SHORT,4375.5,4233.117142857142,4446.691428571428,4446.691428571428,-0.16270467048663773
ETH-USD-SWAP,SHORT,4364.0,4232.48,4429.76,4429.76,-0.15068744271310774
ETH-USD-SWAP,LONG,4380.38,4505.96,4317.59,4505.96,0.2866874563394042
ETH-USD-SWAP,SHORT,4348.6,4220.9742857142855,4412.412857142857,4412.412857142857,-0.1467434510942762
ETH-USD-SWAP,SHORT,4330.8,4196.5771428571425,4397.911428571429,4397.911428571429,-0.15496312129728548
ETH-USD-SWAP,LONG,4350.55,4488.638571428572,4281.505714285714,4488.638571428572,0.317404860140836
ETH-USD-SWAP,LONG,4386.58,4526.214285714286,4316.762857142857,4526.214285714286,0.3183215300172032
ETH-USD-SWAP,LONG,4390.49,4530.43,4320.5199999999995,4530.43,0.3187343553908573
ETH-USD-SWAP,LONG,4420.74,4559.194285714286,4351.512857142857,4559.194285714286,0.3131925553511087
ETH-USD-SWAP,LONG,4443.99,4584.461428571429,4373.754285714285,4584.461428571429,0.31609303479852335
ETH-USD-SWAP,SHORT,4422.55,4280.2357142857145,4493.7071428571435,4493.7071428571435,-0.16089618626616614
ETH-USD-SWAP,SHORT,4404.47,4261.472857142857,4475.9685714285715,4475.9685714285715,-0.16233183885591515
ETH-USD-SWAP,SHORT,4395.82,4253.325714285714,4467.067142857142,4467.067142857142,-0.16207930001033377
ETH-USD-SWAP,SHORT,4382.82,4242.548571428571,4452.955714285714,4452.955714285714,-0.16002417230393706
ETH-USD-SWAP,LONG,4391.19,4534.829999999999,4319.37,4534.829999999999,0.32710950790104604
ETH-USD-SWAP,LONG,4408.12,4546.317142857142,4339.021428571428,4546.317142857142,0.3135058547796846
ETH-USD-SWAP,SHORT,4401.84,4267.3,4469.11,4469.11,-0.15282245606382677
ETH-USD-SWAP,LONG,4432.43,4563.092857142857,4367.098571428572,4563.092857142857,0.29478831508417824
ETH-USD-SWAP,SHORT,4424.65,4302.347142857143,4485.801428571428,4485.801428571428,-0.13820625037331397
ETH-USD-SWAP,LONG,4428.84,4539.825714285715,4373.347142857143,4539.825714285715,0.2505977056875265
ETH-USD-SWAP,LONG,4433.24,4537.188571428571,4381.265714285714,4537.188571428571,0.23447539819312982
ETH-USD-SWAP,LONG,4445.21,4546.864285714286,4394.382857142858,4546.864285714286,0.22868275225306753
ETH-USD-SWAP,SHORT,4427.31,4328.747142857143,4476.591428571429,4476.591428571429,-0.11131235122778499
ETH-USD-SWAP,LONG,4442.85,4537.378571428571,4395.585714285715,4537.378571428571,0.2127656153788019
ETH-USD-SWAP,SHORT,4429.54,4341.417142857143,4473.601428571428,4473.601428571428,-0.09947179294334903
ETH-USD-SWAP,LONG,4433.98,4520.057142857143,4390.941428571428,4520.057142857143,0.19413065204882157
ETH-USD-SWAP,SHORT,4420.18,4333.4228571428575,4463.558571428572,4463.558571428572,-0.09813756776550135
ETH-USD-SWAP,SHORT,4417.99,4330.464285714285,4461.7528571428575,4461.7528571428575,-0.09905603485489484
ETH-USD-SWAP,SHORT,4414.0,4330.288571428571,4455.855714285714,4455.855714285714,-0.09482490776102034
ETH-USD-SWAP,SHORT,4408.43,4323.864285714286,4450.7128571428575,4450.7128571428575,-0.09591364078108808
ETH-USD-SWAP,LONG,4406.2,4493.734285714286,4362.432857142857,4493.734285714286,0.19866162615016555
ETH-USD-SWAP,LONG,4426.42,4519.0371428571425,4380.111428571428,4519.0371428571425,0.2092371326199105
ETH-USD-SWAP,LONG,4428.91,4518.7185714285715,4384.005714285714,4518.7185714285715,0.20277804567844382
ETH-USD-SWAP,LONG,4434.09,4524.081428571429,4389.094285714286,4524.081428571429,0.20295354530789522
ETH-USD-SWAP,SHORT,4411.45,4315.835714285714,4459.257142857143,4459.257142857143,-0.10837058757810457
ETH-USD-SWAP,LONG,4418.12,4513.137142857143,4370.611428571428,4513.137142857143,0.21506238594049726
ETH-USD-SWAP,LONG,4419.29,4512.7871428571425,4372.541428571429,4512.7871428571425,0.21156598199516788
ETH-USD-SWAP,LONG,4424.41,4515.927142857143,4378.651428571428,4515.927142857143,0.20684598140123311
ETH-USD-SWAP,LONG,4436.51,4528.701428571429,4390.414285714286,4528.701428571429,0.20780169225681522
ETH-USD-SWAP,SHORT,4409.84,4315.568571428572,4456.975714285714,4456.975714285714,-0.10688758387087542
ETH-USD-SWAP,LONG,4419.18,4507.397142857143,4375.071428571429,4507.397142857143,0.19962333024937384
ETH-USD-SWAP,LONG,4430.64,4516.951428571429,4387.484285714287,4516.951428571429,0.19480578104162877
ETH-USD-SWAP,SHORT,4422.15,4336.715714285714,4464.867142857142,4464.867142857142,-0.0965981318072494
ETH-USD-SWAP,LONG,4443.14,4528.568571428571,4400.425714285715,4528.568571428571,0.19227071716977326
ETH-USD-SWAP,SHORT,4439.93,4356.044285714286,4481.872857142857,4481.872857142857,-0.09446738381654003
ETH-USD-SWAP,SHORT,4443.19,4365.275714285714,4482.147142857142,4482.147142857142,-0.08767831863400524
ETH-USD-SWAP,SHORT,4420.08,4337.774285714286,4461.232857142857,4461.232857142857,-0.0931043264892425
ETH-USD-SWAP,SHORT,4415.84,4334.245714285715,4456.637142857143,4456.637142857143,-0.09238818176641977
ETH-USD-SWAP,LONG,4425.9,4501.485714285714,4388.107142857143,4501.485714285714,0.17078043852259192
ETH-USD-SWAP,SHORT,4409.7,4331.42,4448.839999999999,4448.839999999999,-0.0887588724856553
ETH-USD-SWAP,LONG,4417.4,4494.634285714285,4378.782857142857,4494.634285714285,0.17484105065035035
ETH-USD-SWAP,LONG,4507.5,4612.96,4454.77,4454.77,-0.11698280643372061
ETH-USD-SWAP,SHORT,4494.91,4371.481428571428,4556.624285714285,4556.624285714285,-0.1372981566133367
ETH-USD-SWAP,SHORT,4477.25,4354.538571428571,4538.605714285714,4538.605714285714,-0.13703883921093168
ETH-USD-SWAP,LONG,4480.36,4605.74857142857,4417.665714285714,4417.665714285714,-0.13993135755672714
ETH-USD-SWAP,LONG,4482.94,4618.339999999999,4415.24,4415.24,-0.15101696654427635
ETH-USD-SWAP,SHORT,4478.11,4331.215714285714,4551.557142857142,4551.557142857142,-0.1640137085894325
ETH-USD-SWAP,SHORT,4465.44,4314.774285714286,4540.772857142857,4540.772857142857,-0.16870198041594422
ETH-USD-SWAP,LONG,4499.52,4659.948571428572,4419.305714285715,4419.305714285715,-0.17827298403893155
ETH-USD-SWAP,LONG,4528.4,4688.937142857142,4448.131428571428,4448.131428571428,-0.17725592135979973
ETH-USD-SWAP,LONG,4551.53,4715.884285714285,4469.352857142857,4469.352857142857,-0.1805483933032251
ETH-USD-SWAP,LONG,4574.97,4744.738571428572,4490.085714285715,4490.085714285715,-0.18554063898623466
SOL-USD-SWAP,SHORT,202.73,199.19571428571427,204.49714285714285,199.19571428571427,0.17433461817618093
SOL-USD-SWAP,LONG,203.45,206.97285714285712,201.6885714285714,201.6885714285714,-0.08657795878243212
SOL-USD-SWAP,SHORT,203.28,200.02,204.91,200.02,0.16036993309720537
SOL-USD-SWAP,LONG,203.68,206.75142857142856,202.14428571428573,202.14428571428573,-0.07539838401975046
SOL-USD-SWAP,LONG,203.94,206.87714285714284,202.4714285714286,202.4714285714286,-0.0720099749225953
SOL-USD-SWAP,LONG,204.15,206.89857142857142,202.7757142857143,202.7757142857143,-0.0673174486547009
SOL-USD-SWAP,LONG,204.05,206.70142857142858,202.72428571428574,202.72428571428574,-0.06497007036090516
SOL-USD-SWAP,SHORT,204.05,201.51285714285717,205.31857142857143,201.51285714285717,0.12433927258725017
SOL-USD-SWAP,SHORT,203.83,201.37285714285719,205.05857142857144,201.37285714285719,0.12054863646876451
SOL-USD-SWAP,LONG,204.12,206.4085714285714,202.9757142857143,202.9757142857143,-0.056059460821364926
SOL-USD-SWAP,SHORT,203.44,201.00857142857146,204.65571428571428,201.00857142857146,0.11951575754170961
SOL-USD-SWAP,LONG,203.99,206.4842857142857,202.74285714285716,202.74285714285716,-0.061137450715370724
SOL-USD-SWAP,SHORT,203.42,200.82285714285715,204.7185714285714,200.82285714285715,0.1276739188448944
SOL-USD-SWAP,LONG,203.8,206.20000000000002,202.60000000000002,202.60000000000002,-0.058881256133463615
SOL-USD-SWAP,LONG,204.03,206.32142857142856,202.8842857142857,202.8842857142857,-0.05615420701437491
SOL-USD-SWAP,SHORT,203.28,200.8857142857143,204.47714285714287,200.8857142857143,0.11778265025018206
SOL-USD-SWAP,LONG,203.55,205.90142857142857,202.37428571428572,202.37428571428572,-0.0577604660139667
SOL-USD-SWAP,SHORT,203.1,200.77714285714285,204.26142857142855,200.77714285714285,0.11437012027853992
SOL-USD-SWAP,LONG,203.27,205.53285714285715,202.13857142857142,202.13857142857142,-0.05566136524959836
SOL-USD-SWAP,LONG,203.58,205.88857142857145,202.4257142857143,202.4257142857143,-0.05669936704419491
SOL-USD-SWAP,LONG,204.42,206.85142857142858,203.2042857142857,203.2042857142857,-0.05947139642472774
SOL-USD-SWAP,SHORT,204.4,201.92857142857142,205.6357142857143,201.92857142857142,0.12091137824993098
SOL-USD-SWAP,SHORT,204.32,201.9228571428571,205.51857142857142,201.9228571428571,0.11732296677480823
SOL-USD-SWAP,SHORT,204.14,201.85999999999999,205.28,201.85999999999999,0.11168805721563639
SOL-USD-SWAP,LONG,205.03,207.36428571428573,203.86285714285714,203.86285714285714,-0.05692546735320994
SOL-USD-SWAP,LONG,205.64,208.14857142857142,204.38571428571427,204.38571428571427,-0.060994247922861046
SOL-USD-SWAP,LONG,206.76,209.40285714285716,205.4385714285714,205.4385714285714,-0.06391122903020816
SOL-USD-SWAP,SHORT,206.14,203.39142857142855,207.5142857142857,203.39142857142855,0.1333351813607955
SOL-USD-SWAP,LONG,206.65,209.79285714285717,205.07857142857142,205.07857142857142,-0.0760429988593556
SOL-USD-SWAP,SHORT,206.11,202.50714285714287,207.9114285714286,202.50714285714287,0.17480263659488363
SOL-USD-SWAP,LONG,207.3,211.24,205.33,205.33,-0.09503135552339599
SOL-USD-SWAP,LONG,208.11,212.49857142857147,205.9157142857143,205.9157142857143,-0.10543874461994676
SOL-USD-SWAP,LONG,209.13,213.87,206.76,206.76,-0.11332663893272149
SOL-USD-SWAP,LONG,211.5,217.10000000000002,208.7,208.7,-0.1323877068557925
SOL-USD-SWAP,SHORT,209.9,204.0257142857143,212.83714285714288,204.0257142857143,0.27986115837473646
SOL-USD-SWAP,SHORT,208.79,202.62999999999997,211.87,202.62999999999997,0.2950332870348209
SOL-USD-SWAP,SHORT,207.8,201.43142857142854,210.98428571428573,201.43142857142854,0.3064760071497339
SOL-USD-SWAP,LONG,208.35,214.9414285714286,205.0542857142857,205.0542857142857,-0.15818163118379158
SOL-USD-SWAP,SHORT,208.33,201.80142857142854,211.59428571428575,201.80142857142854,0.3133764425945119
SOL-USD-SWAP,LONG,209.08,215.67428571428576,205.78285714285713,205.78285714285713,-0.1576976686982441
SOL-USD-SWAP,LONG,209.52,216.06000000000003,206.25,206.25,-0.15607101947308183
SOL-USD-SWAP,LONG,209.68,216.26857142857145,206.38571428571427,206.38571428571427,-0.15711015424865196
SOL-USD-SWAP,SHORT,208.73,202.23571428571427,211.97714285714287,202.23571428571427,0.3111333164511917
SOL-USD-SWAP,LONG,210.69,217.22714285714287,207.42142857142855,207.42142857142855,-0.15513652420957086
SOL-USD-SWAP,SHORT,209.98,203.6085714285714,213.1657142857143,203.6085714285714,0.30343025866409157
SOL-USD-SWAP,SHORT,209.27,203.2185714285714,212.2957142857143,203.2185714285714,0.28916846998750906
SOL-USD-SWAP,LONG,209.42,215.20857142857145,206.52571428571426,206.52571428571426,-0.1382048378514817
SOL-USD-SWAP,SHORT,208.48,203.24285714285713,211.09857142857143,203.24285714285713,0.2512060081131455
SOL-USD-SWAP,SHORT,208.4,203.49142857142857,210.85428571428574,203.49142857142857,0.23553605703317823
SOL-USD-SWAP,SHORT,208.16,203.44857142857143,210.5157142857143,203.44857142857143,0.22633688371582292
SOL-USD-SWAP,SHORT,208.16,203.60571428571427,210.43714285714285,203.60571428571427,0.21878774569012904
SOL-USD-SWAP,SHORT,207.41,202.87571428571428,209.67714285714285,202.87571428571428,0.21861461425609738
SOL-USD-SWAP,LONG,208.03,212.50142857142856,205.7942857142857,205.7942857142857,-0.10747076314542588
SOL-USD-SWAP,SHORT,207.95,203.5757142857143,210.13714285714283,203.5757142857143,0.21035276337031453
SOL-USD-SWAP,SHORT,207.41,203.01857142857145,209.60571428571427,203.01857142857145,0.21172694524991795
SOL-USD-SWAP,SHORT,206.66,202.34285714285716,208.81857142857143,202.34285714285716,0.20890074795039393
SOL-USD-SWAP,LONG,207.32,211.6342857142857,205.16285714285715,205.16285714285715,-0.10404895124169614
SOL-USD-SWAP,LONG,207.76,211.65714285714282,205.81142857142856,205.81142857142856,-0.09378953737829354
SOL-USD-SWAP,LONG,207.88,211.63142857142856,206.00428571428571,206.00428571428571,-0.09023062755985573
SOL-USD-SWAP,LONG,208.12,211.74571428571429,206.30714285714288,206.30714285714288,-0.08710633974904508
SOL-USD-SWAP,SHORT,207.83,204.13285714285718,209.67857142857142,204.13285714285718,0.17789264577504865
SOL-USD-SWAP,LONG,208.68,212.25428571428571,206.89285714285717,206.89285714285717,-0.08564035159779756
SOL-USD-SWAP,SHORT,208.47,204.86714285714288,210.27142857142857,204.86714285714288,0.1728237704637175
SOL-USD-SWAP,SHORT,208.19,204.61857142857144,209.97571428571428,204.61857142857144,0.1715465954862652
SOL-USD-SWAP,SHORT,207.41,203.80142857142857,209.2142857142857,203.80142857142857,0.17398251909606205
SOL-USD-SWAP,SHORT,206.39,202.64428571428573,208.26285714285711,202.64428571428573,0.181487198300027
SOL-USD-SWAP,SHORT,205.32,201.21714285714287,207.37142857142857,201.21714285714287,0.19982744705129157
SOL-USD-SWAP,SHORT,204.89,200.74428571428572,206.96285714285713,200.74428571428572,0.20233853705472513
SOL-USD-SWAP,SHORT,204.55,200.3014285714286,206.67428571428573,200.3014285714286,0.20770332087858273
SOL-USD-SWAP,SHORT,204.12,199.73428571428573,206.31285714285713,199.73428571428573,0.21485960639399726
SOL-USD-SWAP,SHORT,203.54,199.1942857142857,205.71285714285713,199.1942857142857,0.21350664664018276
SOL-USD-SWAP,LONG,204.52,208.9742857142857,202.29285714285714,202.29285714285714,-0.10889609119611118
SOL-USD-SWAP,LONG,204.74,209.2342857142857,202.49285714285716,202.49285714285716,-0.1097559273782772
SOL-USD-SWAP,SHORT,204.21,199.58714285714288,206.52142857142857,199.58714285714288,0.2263776084842627
SOL-USD-SWAP,SHORT,203.96,199.4257142857143,206.22714285714287,199.4257142857143,0.22231249824895644
SOL-USD-SWAP,LONG,204.41,208.87571428571428,202.17714285714285,202.17714285714285,-0.1092342421044539
SOL-USD-SWAP,LONG,204.79,209.30714285714285,202.53142857142856,202.53142857142856,-0.11028719315256745
SOL-USD-SWAP,LONG,205.06,209.59428571428572,202.79285714285714,202.79285714285714,-0.11055997547756061
SOL-USD-SWAP,SHORT,204.95,200.40428571428572,207.22285714285712,200.40428571428572,0.22179625692677574
SOL-USD-SWAP,SHORT,204.77,200.47857142857146,206.9157142857143,200.47857142857146,0.2095731099003054
SOL-USD-SWAP,SHORT,204.38,200.40857142857143,206.3657142857143,200.40857142857143,0.1943159101393757
SOL-USD-SWAP,LONG,205.57,209.70714285714286,203.50142857142856,203.50142857142856,-0.10062613360759991
SOL-USD-SWAP,SHORT,205.09,201.08428571428573,207.09285714285716,201.08428571428573,0.19531494883779202
SOL-USD-SWAP,LONG,206.27,210.24714285714288,204.2814285714286,204.2814285714286,-0.09640623593209961
SOL-USD-SWAP,LONG,207.69,212.16142857142856,205.4542857142857,205.4542857142857,-0.10764669871993329
SOL-USD-SWAP,LONG,208.47,213.21285714285713,206.09857142857143,206.09857142857143,-0.11375394883813338
SOL-USD-SWAP,SHORT,207.09,201.95285714285714,209.65857142857143,201.95285714285714,0.24806329891075676
SOL-USD-SWAP,SHORT,205.72,200.34285714285716,208.40857142857143,200.34285714285716,0.2613816282881024
SOL-USD-SWAP,LONG,206.62,212.12,203.87,203.87,-0.13309456974155454
SOL-USD-SWAP,SHORT,205.98,200.45714285714286,208.74142857142854,200.45714285714286,0.26812589294383604
SOL-USD-SWAP,LONG,206.8,212.44571428571427,203.97714285714287,203.97714285714287,-0.13650179607626428
SOL-USD-SWAP,SHORT,206.69,201.01285714285714,209.5285714285714,201.01285714285714,0.2746694497625843
SOL-USD-SWAP,LONG,208.42,214.3942857142857,205.43285714285713,205.43285714285713,-0.1433232346772314
SOL-USD-SWAP,SHORT,207.83,201.64142857142858,210.92428571428573,201.64142857142858,0.2977708429279428
SOL-USD-SWAP,LONG,209.71,216.2242857142857,206.45285714285714,206.45285714285714,-0.15531652554207556
SOL-USD-SWAP,SHORT,209.48,203.06285714285713,212.68857142857144,203.06285714285713,0.306336779508443
SOL-USD-SWAP,LONG,209.98,216.48285714285714,206.72857142857143,206.72857142857143,-0.15484467908508248
SOL-USD-SWAP,LONG,210.55,216.91000000000003,207.37,207.37,-0.15103300878651182
SOL-USD-SWAP,LONG,211.82,217.83142857142857,208.81428571428572,208.81428571428572,-0.14189945641177776
SOL-USD-SWAP,SHORT,211.3,205.58857142857144,214.1557142857143,205.58857142857144,0.2702995064566289
SOL-USD-SWAP,SHORT,210.58,205.19142857142856,213.27428571428572,205.19142857142856,0.2558918904250856
SOL-USD-SWAP,SHORT,206.68,199.04285714285712,210.49857142857144,199.04285714285712,0.36951533080815224
SOL-USD-SWAP,SHORT,205.08,196.60285714285715,209.31857142857146,196.60285714285715,0.4133578533812593
SOL-USD-SWAP,SHORT,202.38,193.14571428571426,206.99714285714288,193.14571428571426,0.45628450016235467
SOL-USD-SWAP,LONG,204.02,213.80285714285716,199.12857142857143,199.12857142857143,-0.2397524052263786
SOL-USD-SWAP,LONG,205.41,215.21,200.51,200.51,-0.23854729565259752
SOL-USD-SWAP,SHORT,203.68,193.76285714285714,208.63857142857145,193.76285714285714,0.4868982156884752
SOL-USD-SWAP,SHORT,203.58,193.71142857142857,208.51428571428573,193.71142857142857,0.4847515192342785
SOL-USD-SWAP,LONG,204.02,213.7857142857143,199.13714285714286,199.13714285714286,-0.23933227834806137
SOL-USD-SWAP,LONG,204.55,214.48142857142858,199.58428571428573,199.58428571428573,-0.2427628592380486
SOL-USD-SWAP,SHORT,204.39,194.19285714285712,209.48857142857142,194.19285714285712,0.4989061528031149
SOL-USD-SWAP,SHORT,204.05,193.92142857142858,209.11428571428573,193.92142857142858,0.49637693842545616
SOL-USD-SWAP,SHORT,201.56,191.02,206.83,191.02,0.5229212145266914
SOL-USD-SWAP,LONG,203.57,214.49571428571429,198.10714285714286,198.10714285714286,-0.2683527603702477
SOL-USD-SWAP,LONG,205.07,216.20714285714283,199.50142857142856,199.50142857142856,-0.27154490801050524
SOL-USD-SWAP,LONG,206.06,215.07142857142856,201.55428571428573,201.55428571428573,-0.21866030698409572
SOL-USD-SWAP,LONG,206.71,214.91857142857143,202.6057142857143,202.6057142857143,-0.19855283799940537
SOL-USD-SWAP,SHORT,206.52,199.24285714285716,210.15857142857143,199.24285714285716,0.3523698846185768
SOL-USD-SWAP,SHORT,206.03,199.24428571428572,209.42285714285714,199.24428571428572,0.32935564168879666
SOL-USD-SWAP,LONG,207.86,214.68285714285713,204.44857142857146,204.44857142857146,-0.16412145537518322
SOL-USD-SWAP,SHORT,205.72,198.71428571428572,209.22285714285712,198.71428571428572,0.3405460959417789
SOL-USD-SWAP,SHORT,203.13,195.62428571428572,206.88285714285715,195.62428571428572,0.3695029924538117
SOL-USD-SWAP,LONG,203.62,211.2257142857143,199.81714285714287,199.81714285714287,-0.18676245667700303
SOL-USD-SWAP,LONG,204.41,211.80428571428573,200.71285714285713,200.71285714285713,-0.18086898180827088
SOL-USD-SWAP,LONG,207.83,216.20428571428573,203.64285714285717,203.64285714285717,-0.20146960771509623
SOL-USD-SWAP,SHORT,206.07,197.42999999999998,210.39,197.42999999999998,0.4192750036395407
SOL-USD-SWAP,LONG,207.01,215.37285714285713,202.82857142857142,202.82857142857142,-0.20199162221286746
SOL-USD-SWAP,LONG,210.04,218.70285714285714,205.70857142857142,205.70857142857142,-0.20621922354925606
SOL-USD-SWAP,LONG,211.77,220.90428571428572,207.20285714285714,207.20285714285714,-0.21566524328955325
SOL-USD-SWAP,LONG,212.12,221.29428571428573,207.53285714285715,207.53285714285715,-0.21625225613534088
SOL-USD-SWAP,LONG,212.57,221.73,207.98999999999998,207.98999999999998,-0.21545843722068084
SOL-USD-SWAP,SHORT,210.91,201.32999999999998,215.7,201.32999999999998,0.45422218007681064
SOL-USD-SWAP,SHORT,210.17,200.24999999999997,215.13,200.24999999999997,0.47199885806727965
SOL-USD-SWAP,LONG,210.28,220.01428571428573,205.41285714285715,205.41285714285715,-0.2314600940242939
SOL-USD-SWAP,SHORT,209.28,199.66857142857143,214.0857142857143,199.66857142857143,0.4592616863259067
SOL-USD-SWAP,SHORT,207.52,198.29142857142858,212.13428571428574,198.29142857142858,0.4447075669126555
SOL-USD-SWAP,LONG,207.74,216.95428571428573,203.13285714285715,203.13285714285715,-0.22177447083579768
SOL-USD-SWAP,SHORT,207.39,198.09571428571428,212.03714285714284,198.09571428571428,0.4481549599443419
SOL-USD-SWAP,SHORT,207.35,199.28714285714284,211.38142857142856,199.28714285714284,0.38885252678356186
SOL-USD-SWAP,SHORT,205.5,197.39142857142858,209.55428571428573,197.39142857142858,0.3945776850886337
SOL-USD-SWAP,LONG,205.75,213.78714285714287,201.73142857142858,201.73142857142858,-0.19531331366082236
SOL-USD-SWAP,SHORT,204.78,197.26285714285714,208.53857142857143,197.26285714285714,0.36708383910259096
SOL-USD-SWAP,SHORT,203.75,196.8642857142857,207.19285714285715,196.8642857142857,0.33794916739702086
SOL-USD-SWAP,SHORT,203.69,197.01571428571427,207.02714285714288,197.01571428571427,0.3276687964203314
SOL-USD-SWAP,SHORT,203.51,196.57571428571427,206.97714285714287,196.57571428571427,0.34073439704612657
SOL-USD-SWAP,SHORT,202.78,196.14,206.10000000000002,196.14,0.3274484663181781
SOL-USD-SWAP,SHORT,201.91,195.4785714285714,205.12571428571428,195.4785714285714,0.31852947211275306
SOL-USD-SWAP,LONG,203.41,210.14142857142858,200.0442857142857,200.0442857142857,-0.16546454381369108
SOL-USD-SWAP,SHORT,202.38,195.79999999999998,205.67000000000002,195.79999999999998,0.3251309417926679
SOL-USD-SWAP,SHORT,201.83,195.3357142857143,205.0771428571429,195.3357142857143,0.3217700893963099
SOL-USD-SWAP,SHORT,199.74,192.59714285714287,203.3114285714286,192.59714285714287,0.3576077472142354
SOL-USD-SWAP,SHORT,199.44,192.09714285714284,203.11142857142858,192.09714285714284,0.36817374362500777
SOL-USD-SWAP,LONG,199.91,207.37285714285716,196.17857142857142,196.17857142857142,-0.1866554235120094
SOL-USD-SWAP,SHORT,199.63,192.47285714285712,203.20857142857142,192.47285714285712,0.3585204056075175
SOL-USD-SWAP,LONG,199.91,207.03285714285715,196.34857142857143,196.34857142857143,-0.1781515967899837
SOL-USD-SWAP,SHORT,199.17,192.02142857142857,202.7442857142857,192.02142857142857,0.3589180814666574
SOL-USD-SWAP,SHORT,198.67,191.7185714285714,202.14571428571426,191.7185714285714,0.3498982519468757
SOL-USD-SWAP,LONG,199.44,206.0942857142857,196.11285714285714,196.11285714285714,-0.166824250759269
SOL-USD-SWAP,SHORT,197.62,190.65428571428572,201.10285714285715,190.65428571428572,0.35248022901094445
SOL-USD-SWAP,SHORT,196.03,188.68142857142857,199.7042857142857,188.68142857142857,0.37486973568185644
SOL-USD-SWAP,SHORT,195.24,188.2057142857143,198.75714285714287,188.2057142857143,0.360289167910557
SOL-USD-SWAP,LONG,195.72,202.71142857142857,192.2242857142857,192.2242857142857,-0.17860792385623775
SOL-USD-SWAP,LONG,196.05,202.73285714285714,192.70857142857145,192.70857142857145,-0.17043757059059247
SOL-USD-SWAP,SHORT,195.69,189.79857142857142,198.63571428571427,189.79857142857142,0.3010592555280585
SOL-USD-SWAP,LONG,196.31,201.90142857142857,193.5142857142857,193.5142857142857,-0.14241323853671728
SOL-USD-SWAP,LONG,197.47,203.00142857142856,194.7042857142857,194.7042857142857,-0.14005744091326763
SOL-USD-SWAP,LONG,197.67,203.06714285714284,194.97142857142856,194.97142857142856,-0.1365190179881331
SOL-USD-SWAP,LONG,198.43,203.80142857142857,195.74428571428572,195.74428571428572,-0.1353481976371659
SOL-USD-SWAP,LONG,197.95,203.38428571428568,195.23285714285714,195.23285714285714,-0.13726409988092178
SOL-USD-SWAP,LONG,197.29,202.62714285714284,194.62142857142857,194.62142857142857,-0.1352613628958095
SOL-USD-SWAP,LONG,197.63,203.2642857142857,194.81285714285715,194.81285714285715,-0.14254631671015738
SOL-USD-SWAP,SHORT,196.85,191.37857142857143,199.58571428571426,191.37857142857143,0.27794912732682553
SOL-USD-SWAP,LONG,198.14,203.5942857142857,195.41285714285715,195.41285714285715,-0.13763716852441898
SOL-USD-SWAP,LONG,198.56,204.16571428571427,195.75714285714287,195.75714285714287,-0.14115920340739
SOL-USD-SWAP,SHORT,197.73,192.06714285714287,200.56142857142856,192.06714285714287,0.2863934224880959
SOL-USD-SWAP,SHORT,196.97,191.05285714285714,199.92857142857142,191.05285714285714,0.30040832904213144
SOL-USD-SWAP,LONG,198.32,204.51142857142855,195.2242857142857,195.2242857142857,-0.1560969284849879
SOL-USD-SWAP,SHORT,196.81,190.29857142857145,200.06571428571428,190.29857142857145,0.33084846153287706
SOL-USD-SWAP,LONG,197.7,204.33142857142855,194.3842857142857,194.3842857142857,-0.16771443023339802
SOL-USD-SWAP,SHORT,197.42,190.71142857142857,200.7742857142857,190.71142857142857,0.33981214813957134
SOL-USD-SWAP,SHORT,196.49,189.70428571428573,199.88285714285715,189.70428571428573,0.34534654617101523
SOL-USD-SWAP,SHORT,197.17,190.29857142857145,200.60571428571427,190.29857142857145,0.34850274237604795
SOL-USD-SWAP,LONG,197.91,204.91285714285712,194.40857142857143,194.40857142857143,-0.17692024513306867
SOL-USD-SWAP,SHORT,196.42,189.51714285714286,199.87142857142857,189.51714285714286,0.35143351709892734
SOL-USD-SWAP,LONG,196.95,203.46714285714282,193.69142857142856,193.69142857142856,-0.1654517100061655
SOL-USD-SWAP,SHORT,196.54,190.32,199.64999999999998,190.32,0.31647501780807974
SOL-USD-SWAP,SHORT,196.49,190.3757142857143,199.54714285714286,190.3757142857143,0.3111754142340933
SOL-USD-SWAP,LONG,197.28,203.3685714285714,194.2357142857143,194.2357142857143,-0.15431294172170046
SOL-USD-SWAP,LONG,197.32,203.09142857142854,194.43428571428572,194.43428571428572,-0.14624540268164768
SOL-USD-SWAP,SHORT,196.52,191.0057142857143,199.27714285714285,191.0057142857143,0.2805966677328366
SOL-USD-SWAP,LONG,196.63,201.83571428571426,194.02714285714288,194.02714285714288,-0.13237334805762693
SOL-USD-SWAP,SHORT,195.33,190.13285714285718,197.92857142857142,190.13285714285718,0.2660698744249647
SOL-USD-SWAP,SHORT,193.62,188.0057142857143,196.42714285714285,188.0057142857143,0.2899641418389474
SOL-USD-SWAP,SHORT,192.33,186.70428571428573,195.14285714285717,186.70428571428573,0.2925032124844944
SOL-USD-SWAP,SHORT,191.34,185.56857142857143,194.2257142857143,194.2257142857143,-0.15081604921680256
SOL-USD-SWAP,SHORT,189.48,182.94285714285712,192.7485714285714,192.7485714285714,-0.17250218643505488
SOL-USD-SWAP,SHORT,189.15,182.48428571428573,192.48285714285714,192.48285714285714,-0.1762018050677841
SOL-USD-SWAP,SHORT,188.13,181.18142857142857,191.6042857142857,191.6042857142857,-0.18467473099908116
SOL-USD-SWAP,SHORT,186.12,178.95428571428573,189.70285714285714,189.70285714285714,-0.19250253292806452
SOL-USD-SWAP,LONG,186.52,193.96,182.8,193.96,0.39888483808706826
SOL-USD-SWAP,LONG,186.81,194.25285714285715,183.08857142857144,194.25285714285715,0.39841856125781006
SOL-USD-SWAP,LONG,187.02,194.49714285714288,183.2814285714286,194.49714285714288,0.39980445177750323
SOL-USD-SWAP,SHORT,186.26,178.37428571428572,190.20285714285714,190.20285714285714,-0.2116856621312762
SOL-USD-SWAP,SHORT,186.09,178.16714285714286,190.05142857142857,190.05142857142857,-0.21287702570952605
SOL-USD-SWAP,LONG,187.24,195.62,183.05,195.62,0.4475539414654986
SOL-USD-SWAP,LONG,188.3,196.6857142857143,184.10714285714286,196.6857142857143,0.4453379864957143
SOL-USD-SWAP,SHORT,186.93,178.85857142857142,190.96571428571428,190.96571428571428,-0.21589441425743738
SOL-USD-SWAP,SHORT,186.77,179.02714285714285,190.64142857142858,190.64142857142858,-0.20728321311926787
SOL-USD-SWAP,SHORT,186.39,178.73857142857142,190.21571428571428,190.21571428571428,-0.2052531941474488
SOL-USD-SWAP,LONG,187.03,193.75285714285715,183.66857142857143,193.75285714285715,0.3594534108355425
SOL-USD-SWAP,LONG,187.12,193.54857142857145,183.90571428571428,193.54857142857145,0.34355341110364707
SOL-USD-SWAP,LONG,187.45,193.45285714285714,184.4485714285714,193.45285714285714,0.3202377776930997
SOL-USD-SWAP,LONG,187.66,193.33142857142857,184.8242857142857,193.33142857142857,0.3022182975289661
SOL-USD-SWAP,SHORT,186.31,180.49571428571426,189.21714285714287,189.21714285714287,-0.15603793983913222
SOL-USD-SWAP,SHORT,186.22,180.26285714285711,189.19857142857143,189.19857142857143,-0.15994906178559917
SOL-USD-SWAP,LONG,186.9,192.98285714285717,183.85857142857142,192.98285714285717,0.32546052128716774
SOL-USD-SWAP,LONG,187.73,193.53,184.82999999999998,193.53,0.30895434933148735
SOL-USD-SWAP,SHORT,187.64,181.9228571428571,190.49857142857144,190.49857142857144,-0.1523433931236118
SOL-USD-SWAP,LONG,188.18,193.6514285714286,185.4442857142857,193.6514285714286,0.29075505215371394
SOL-USD-SWAP,LONG,189.08,194.58857142857147,186.3257142857143,194.58857142857147,0.2913354891353637
SOL-USD-SWAP,SHORT,188.43,182.9442857142857,191.17285714285717,191.17285714285717,-0.14556371824322886
SOL-USD-SWAP,SHORT,187.92,182.3942857142857,190.68285714285713,190.68285714285713,-0.14702304932189994
SOL-USD-SWAP,SHORT,187.45,181.89,190.23,190.23,-0.14830621499066424
SOL-USD-SWAP,SHORT,186.69,181.07571428571427,189.49714285714285,189.49714285714285,-0.15036385757902673
SOL-USD-SWAP,LONG,187.05,192.76428571428573,184.19285714285715,192.76428571428573,0.3054950929850693
SOL-USD-SWAP,LONG,187.81,193.51,184.96,193.51,0.30349821628241247
SOL-USD-SWAP,SHORT,186.84,181.19714285714286,189.6614285714286,189.6614285714286,-0.15100773771294068
SOL-USD-SWAP,LONG,187.96,193.24857142857144,185.3157142857143,193.24857142857144,0.28136685617000584
SOL-USD-SWAP,SHORT,187.37,182.17000000000002,189.97,189.97,-0.1387628755937447
SOL-USD-SWAP,LONG,187.72,192.51142857142855,185.3242857142857,192.51142857142855,0.25524337158686095
SOL-USD-SWAP,LONG,187.84,192.53714285714287,185.49142857142857,192.53714285714287,0.2500608420540281
SOL-USD-SWAP,LONG,188.62,193.29714285714286,186.2814285714286,193.29714285714286,0.24796643288849826
SOL-USD-SWAP,LONG,188.77,193.24428571428572,186.53285714285715,193.24428571428572,0.237023134729338
SOL-USD-SWAP,LONG,189.23,193.51571428571427,187.08714285714285,187.08714285714285,-0.11324087844724086
SOL-USD-SWAP,SHORT,188.77,184.74428571428572,190.78285714285715,190.78285714285715,-0.10663013947434144
SOL-USD-SWAP,LONG,189.1,193.22285714285715,187.03857142857143,187.03857142857143,-0.10901261615169563
SOL-USD-SWAP,SHORT,187.88,183.67999999999998,189.98,189.98,-0.11177347242920982
SOL-USD-SWAP,SHORT,187.89,183.9842857142857,189.84285714285713,189.84285714285713,-0.1039361936695482
SOL-USD-SWAP,SHORT,187.46,183.49142857142857,189.4442857142857,189.4442857142857,-0.10585115300787923
SOL-USD-SWAP,LONG,187.96,191.84571428571428,186.01714285714286,191.84571428571428,0.20673091539233196
SOL-USD-SWAP,LONG,189.03,193.17,186.96,186.96,-0.10950642755118199
SOL-USD-SWAP,SHORT,188.82,184.82285714285715,190.81857142857143,190.81857142857143,-0.10584532510176031
SOL-USD-SWAP,LONG,189.72,193.79999999999998,187.68,187.68,-0.10752688172042968
SOL-USD-SWAP,SHORT,188.77,184.43857142857144,190.93571428571428,190.93571428571428,-0.11472767313207995
SOL-USD-SWAP,LONG,188.81,193.07,186.68,186.68,-0.11281182140776418
SOL-USD-SWAP,SHORT,188.7,184.37428571428572,190.86285714285714,190.86285714285714,-0.11461882050117377
SOL-USD-SWAP,SHORT,188.34,183.78857142857143,190.6157142857143,190.6157142857143,-0.12083010968006194
SOL-USD-SWAP,LONG,188.85,193.46714285714285,186.54142857142858,193.46714285714285,0.2444873104126477
SOL-USD-SWAP,SHORT,187.51,182.76714285714286,189.88142857142856,189.88142857142856,-0.12646944543910016
SOL-USD-SWAP,LONG,187.89,192.26142857142855,185.7042857142857,192.26142857142855,0.23265892657557968
SOL-USD-SWAP,LONG,188.39,192.76142857142855,186.2042857142857,192.76142857142855,0.23204143380373518
SOL-USD-SWAP,SHORT,187.92,183.51714285714286,190.12142857142857,190.12142857142857,-0.11714711427355147
SOL-USD-SWAP,LONG,188.59,192.86714285714288,186.45142857142858,192.86714285714288,0.226795845863666
SOL-USD-SWAP,SHORT,188.54,184.27999999999997,190.67,190.67,-0.11297337435027026
SOL-USD-SWAP,SHORT,188.52,184.5857142857143,190.48714285714289,190.48714285714289,-0.10434663999272621
SOL-USD-SWAP,SHORT,187.56,183.50285714285712,189.58857142857144,189.58857142857144,-0.10815586631325652
SOL-USD-SWAP,SHORT,187.3,183.24285714285713,189.32857142857145,189.32857142857145,-0.10830600259324287
SOL-USD-SWAP,LONG,187.9,191.69428571428574,186.00285714285712,191.69428571428574,0.20193111837603697
SOL-USD-SWAP,SHORT,187.22,183.3885714285714,189.1357142857143,189.1357142857143,-0.1023242327590162
SOL-USD-SWAP,LONG,187.67,191.46428571428572,185.77285714285713,191.46428571428572,0.20217859616804684
SOL-USD-SWAP,LONG,190.68,195.1314285714286,188.4542857142857,188.4542857142857,-0.11672510413857266
SOL-USD-SWAP,SHORT,190.5,185.2285714285714,193.1357142857143,193.1357142857143,-0.1383577052868399
SOL-USD-SWAP,SHORT,189.39,184.13571428571424,192.01714285714286,192.01714285714286,-0.13871602815052916
SOL-USD-SWAP,SHORT,189.13,183.76999999999998,191.81,191.81,-0.14170147517580536
SOL-USD-SWAP,LONG,189.24,195.08857142857144,186.31571428571428,195.08857142857144,0.3090557719600207
SOL-USD-SWAP,LONG,189.26,195.44571428571427,186.16714285714284,195.44571428571427,0.3268368533083738
SOL-USD-SWAP,LONG,189.88,196.66,186.48999999999998,196.66,0.3570676216557827
SOL-USD-SWAP,LONG,190.19,196.95285714285714,186.8085714285714,186.8085714285714,-0.17779213267935148
SOL-USD-SWAP,LONG,191.4,198.32,187.94,187.94,-0.18077324973876738
