timestamp,event,instId,side,price,sz,dip_pct,pnl,pnl_pct,detail
2026-07-16 06:40:40,TRAIL_BUY_PLACED,PI-USDT-SWAP,BUY,0.07602,131,-10.1100,0,0,callback=0.3%
2026-07-16 06:41:40,TRAIL_BUY_PLACED,BCH-USDT-SWAP,BUY,223.8,0.4,-5.3700,0,0,callback=0.3%
2026-07-16 06:43:00,TRAIL_BUY_PLACED,H-USDT-SWAP,BUY,0.05812,1.7,-15.2399,0,0,callback=0.3%
2026-07-16 06:46:09,TRAIL_BUY_PLACED,USELESS-USDT-SWAP,BUY,0.07367,13,-14.9209,0,0,callback=0.3%
2026-07-16 06:46:42,TRAIL_BUY_PLACED,ZRO-USDT-SWAP,BUY,0.8167,12,-6.5454,0,0,callback=0.3%
2026-07-16 06:47:59,TPSL_PLACED,PI-USDT-SWAP,SELL,0.07615,131,0,0,0,TP=0.0792 SL=0.07501
2026-07-16 06:50:20,TPSL_PLACED,H-USDT-SWAP,SELL,0.05826,1.7,0,0,0,TP=0.06059 SL=0.05739
2026-07-16 06:53:31,TPSL_PLACED,USELESS-USDT-SWAP,SELL,0.07394,13,0,0,0,TP=0.0769 SL=0.07283
2026-07-16 06:56:20,TPSL_PLACED,BCH-USDT-SWAP,SELL,224.3,0.4,0,0,0,TP=233.3 SL=220.9
2026-07-16 07:11:50,TRAIL_BUY_PLACED,EGLD-USDT-SWAP,BUY,3.116,32,-5.2311,0,0,callback=0.3%
2026-07-16 07:22:51,CLOSED,USELESS-USDT-SWAP,LONG,0.07166,1.3,0,-0.0296,-3.08,SL
2026-07-16 07:22:52,TRAIL_BUY_PLACED,USELESS-USDT-SWAP,BUY,0.07166,13,-15.6048,0,0,callback=0.3%
2026-07-16 07:33:14,TRAIL_BUY_PLACED,BONK-USDT-SWAP,BUY,0.000003553,28,-5.5556,0,0,callback=0.3%
2026-07-16 07:39:06,TPSL_PLACED,BONK-USDT-SWAP,SELL,0.000003567,28,0,0,0,TP=0.00000371 SL=0.00000351
2026-07-16 07:39:32,TPSL_PLACED,EGLD-USDT-SWAP,SELL,3.099,32,0,0,0,TP=3.223 SL=3.053
2026-07-16 07:43:15,TRAIL_SELL_PLACED,USELESS-USDT-SWAP,SELL,0.069,13,0,0,0,reason=EMERGENCY_SL callback=0.3%
2026-07-16 07:43:47,TPSL_PLACED,ZRO-USDT-SWAP,SELL,0.812383333333333,12,0,0,0,TP=0.8449 SL=0.8002
2026-07-16 07:45:03,CLOSED,PI-USDT-SWAP,LONG,0.0745,131,0,-0.2162,-2.17,SL
2026-07-16 07:45:04,TRAIL_BUY_PLACED,PI-USDT-SWAP,BUY,0.0745,134,-9.9154,0,0,callback=0.3%
2026-07-16 07:54:11,TRAIL_BUY_PLACED,USELESS-USDT-SWAP,BUY,0.06917,14,-18.6427,0,0,callback=0.5%
2026-07-16 08:10:33,TRAIL_SELL_PLACED,PI-USDT-SWAP,SELL,0.07329,134,0,0,0,reason=EMERGENCY_SL callback=0.3%
2026-07-16 08:13:28,TRAIL_BUY_PLACED,KAITO-USDT-SWAP,BUY,0.7403,13,-5.3204,0,0,callback=0.5%
2026-07-16 08:17:55,CLOSED,PI-USDT-SWAP,LONG,0.07278,134,0,-0.2425,-2.43,SL
2026-07-16 08:17:56,TRAIL_BUY_PLACED,PI-USDT-SWAP,BUY,0.07278,137,-12.6815,0,0,callback=0.5%
2026-07-16 08:19:28,TRAIL_BUY_PLACED,CVX-USDT-SWAP,BUY,1.251,7,-5.2273,0,0,callback=0.5%
2026-07-16 08:20:46,TPSL_PLACED,KAITO-USDT-SWAP,SELL,0.7427,13,0,0,0,TP=0.7724 SL=0.7316
2026-07-16 08:25:08,TPSL_PLACED,PI-USDT-SWAP,SELL,0.0732,137,0,0,0,TP=0.07613 SL=0.0721
2026-07-16 08:27:27,TRAIL_SELL_PLACED,H-USDT-SWAP,SELL,0.05944,1.7,0,0,0,reason=LOCK_PROFIT callback=0.5%
2026-07-16 08:34:09,TPSL_PLACED,CVX-USDT-SWAP,SELL,1.255,7,0,0,0,TP=1.305 SL=1.236
2026-07-16 08:34:55,CLOSED,H-USDT-SWAP,LONG,0.05958,0.017,0,0.0022,2.27,TP
2026-07-16 08:34:56,TRAIL_BUY_PLACED,H-USDT-SWAP,BUY,0.05958,1.6,-13.8270,0,0,callback=0.5%
2026-07-16 08:45:32,TRAIL_BUY_PLACED,WOO-USDT-SWAP,BUY,0.01191,83,-5.1752,0,0,callback=0.5%
2026-07-16 09:01:24,TRAIL_SELL_PLACED,PI-USDT-SWAP,SELL,0.07465,137,0,0,0,reason=LOCK_PROFIT callback=0.5%
2026-07-16 09:04:10,CLOSED,KAITO-USDT-SWAP,LONG,0.7319,13,0,-0.1404,-1.45,SL
2026-07-16 09:04:11,TRAIL_BUY_PLACED,KAITO-USDT-SWAP,BUY,0.7319,13,-6.4904,0,0,callback=0.5%
2026-07-16 09:09:29,CLOSED,BCH-USDT-SWAP,LONG,221.1,4,0,-1.28,-1.43,SL
2026-07-16 09:09:30,TRAIL_BUY_PLACED,BCH-USDT-SWAP,BUY,221.1,0.4,-6.4721,0,0,callback=0.5%
2026-07-16 09:30:23,CLOSED,PI-USDT-SWAP,LONG,0.07482,137,0,0.2219,2.21,TP
2026-07-16 09:30:24,TRAIL_BUY_PLACED,PI-USDT-SWAP,BUY,0.07483,133,-9.2750,0,0,callback=0.5%
2026-07-16 09:59:31,TPSL_PLACED,PI-USDT-SWAP,SELL,0.0747,133,0,0,0,TP=0.07769 SL=0.07358
2026-07-16 10:31:35,TRAIL_SELL_PLACED,KAITO-USDT-SWAP,SELL,0.7212,13,0,0,0,reason=EMERGENCY_SL callback=0.3%
2026-07-16 10:34:27,TPSL_PLACED,WOO-USDT-SWAP,SELL,0.01192,45,0,0,0,TP=0.0124 SL=0.01174
2026-07-16 10:38:53,CLOSED,KAITO-USDT-SWAP,LONG,0.7195,13,0,-0.1768,-1.86,SL
2026-07-16 10:38:54,TRAIL_BUY_PLACED,KAITO-USDT-SWAP,BUY,0.7195,13,-8.8433,0,0,callback=0.5%
2026-07-16 10:43:26,TRAIL_SELL_PLACED,PI-USDT-SWAP,SELL,0.076,133,0,0,0,reason=LOCK_PROFIT callback=0.5%
2026-07-16 10:45:23,TRAIL_BUY_PLACED,AERO-USDT-SWAP,BUY,0.4931,2,-5.0635,0,0,callback=0.5%
2026-07-16 10:47:54,TPSL_PLACED,KAITO-USDT-SWAP,SELL,0.7111,11,0,0,0,TP=0.7395 SL=0.7004
2026-07-16 10:52:15,CLOSED,PI-USDT-SWAP,LONG,0.07573,133,0,0.1370,1.38,TP
2026-07-16 10:52:17,TRAIL_BUY_PLACED,PI-USDT-SWAP,BUY,0.07573,132,-7.2505,0,0,callback=0.5%
2026-07-16 11:12:15,TRAIL_SELL_PLACED,USELESS-USDT-SWAP,SELL,0.07034,14,0,0,0,reason=LOCK_PROFIT callback=0.5%
2026-07-16 11:14:04,TPSL_PLACED,PI-USDT-SWAP,SELL,0.07575,132,0,0,0,TP=0.07878 SL=0.07461
2026-07-16 11:16:57,TRAIL_SELL_PLACED,KAITO-USDT-SWAP,SELL,0.7228,11,0,0,0,reason=LOCK_PROFIT callback=0.5%
2026-07-16 11:19:36,CLOSED,USELESS-USDT-SWAP,LONG,0.06997,1.4,0,0.0104,1.07,TP
2026-07-16 11:19:38,TRAIL_BUY_PLACED,USELESS-USDT-SWAP,BUY,0.06997,14,-15.4237,0,0,callback=0.5%
2026-07-16 11:25:01,CLOSED,KAITO-USDT-SWAP,LONG,0.7186,11,0,0.0825,1.05,TP
2026-07-16 11:25:03,TRAIL_BUY_PLACED,KAITO-USDT-SWAP,BUY,0.7184,13,-10.4351,0,0,callback=0.5%
2026-07-16 11:27:39,TPSL_PLACED,USELESS-USDT-SWAP,SELL,0.07022,14,0,0,0,TP=0.07303 SL=0.06917
2026-07-16 11:29:27,TRAIL_SELL_PLACED,PI-USDT-SWAP,SELL,0.07705,132,0,0,0,reason=LOCK_PROFIT callback=0.5%
2026-07-16 11:34:31,TPSL_PLACED,KAITO-USDT-SWAP,SELL,0.721746153846154,13,0,0,0,TP=0.7506 SL=0.7109
2026-07-16 11:37:55,CLOSED,PI-USDT-SWAP,LONG,0.07705,132,0,0.1716,1.72,TP
2026-07-16 11:37:56,TRAIL_BUY_PLACED,PI-USDT-SWAP,BUY,0.07705,129,-5.3789,0,0,callback=0.5%
2026-07-16 11:42:30,TPSL_PLACED,PI-USDT-SWAP,SELL,0.0774,129,0,0,0,TP=0.0805 SL=0.07624
2026-07-16 11:48:25,TRAIL_BUY_PLACED,HOME-USDT-SWAP,BUY,0.01287,7,-5.5759,0,0,callback=0.5%
2026-07-16 11:52:59,TPSL_PLACED,HOME-USDT-SWAP,SELL,0.01287,2,0,0,0,TP=0.01338 SL=0.01268
2026-07-16 12:02:21,CLOSED,KAITO-USDT-SWAP,LONG,0.7078,13,0,-0.1813,-1.93,SL
2026-07-16 12:02:23,TRAIL_BUY_PLACED,KAITO-USDT-SWAP,BUY,0.7078,14,-11.0021,0,0,callback=0.5%
2026-07-16 12:03:46,TRAIL_BUY_PLACED,TIA-USDT-SWAP,BUY,0.4004,24,-5.0059,0,0,callback=0.5%
2026-07-16 12:06:09,TRAIL_BUY_PLACED,KAITO-USDT-SWAP,BUY,0.7057,14,-11.4999,0,0,callback=0.5%
2026-07-16 12:10:56,TRAIL_SELL_PLACED,H-USDT-SWAP,SELL,0.05845,1.6,0,0,0,reason=EMERGENCY_SL callback=0.3%
2026-07-16 12:11:15,TPSL_PLACED,KAITO-USDT-SWAP,SELL,0.7059,11,0,0,0,TP=0.7341 SL=0.6953
2026-07-16 12:11:19,TRAIL_BUY_PLACED,LA-USDT-SWAP,BUY,0.05484,18,-5.0883,0,0,callback=0.5%
2026-07-16 12:15:34,CLOSED,H-USDT-SWAP,LONG,0.05876,0.016,0,-0.0015,-1.57,SL
2026-07-16 12:15:36,TRAIL_BUY_PLACED,H-USDT-SWAP,BUY,0.05876,1.7,-12.6635,0,0,callback=0.5%
2026-07-16 12:20:10,TPSL_PLACED,H-USDT-SWAP,SELL,0.05905,1.3,0,0,0,TP=0.06141 SL=0.05816
2026-07-16 12:25:10,TRAIL_BUY_PLACED,LA-USDT-SWAP,BUY,0.05472,18,-5.7039,0,0,callback=0.5%
2026-07-16 12:28:04,CLOSED,PI-USDT-SWAP,LONG,0.07627,129,0,-0.1458,-1.46,SL
2026-07-16 12:28:05,TRAIL_BUY_PLACED,PI-USDT-SWAP,BUY,0.07627,131,-6.8629,0,0,callback=0.5%
2026-07-16 12:32:54,TRAIL_BUY_PLACED,AERO-USDT-SWAP,BUY,0.4841,2,-5.6887,0,0,callback=0.5%
2026-07-16 12:34:07,CLOSED,HOME-USDT-SWAP,LONG,0.01263,0.02,0,-0.0005,-1.86,SL
2026-07-16 12:34:09,TRAIL_BUY_PLACED,HOME-USDT-SWAP,BUY,0.01264,7,-9.6497,0,0,callback=0.5%
2026-07-16 12:34:25,TRAIL_SELL_PLACED,KAITO-USDT-SWAP,SELL,0.7279,11,0,0,0,reason=LOCK_PROFIT callback=0.5%
2026-07-16 12:38:26,TRAIL_BUY_PLACED,FARTCOIN-USDT-SWAP,BUY,0.1431,69,-5.1061,0,0,callback=0.5%
2026-07-16 12:38:58,CLOSED,KAITO-USDT-SWAP,LONG,0.7318,11,0,0.2849,3.67,TP
2026-07-16 12:38:59,TRAIL_BUY_PLACED,KAITO-USDT-SWAP,BUY,0.7318,13,-6.6820,0,0,callback=0.5%
2026-07-16 12:40:09,TRAIL_BUY_PLACED,SPX-USDT-SWAP,BUY,0.3609,27,-5.2009,0,0,callback=0.5%
2026-07-16 12:40:29,CLOSED,USELESS-USDT-SWAP,LONG,0.06955,1.4,0,-0.0094,-0.95,SL
2026-07-16 12:40:31,TRAIL_BUY_PLACED,USELESS-USDT-SWAP,BUY,0.06955,14,-14.2099,0,0,callback=0.5%
2026-07-16 12:41:59,TPSL_PLACED,PI-USDT-SWAP,SELL,0.07541,131,0,0,0,TP=0.07843 SL=0.07428
2026-07-16 12:43:20,TPSL_PLACED,HOME-USDT-SWAP,SELL,0.01262,7,0,0,0,TP=0.01312 SL=0.01243
2026-07-16 12:47:16,CLOSED,BONK-USDT-SWAP,LONG,0.000003523,0.00028,0,0.0000,-1.23,SL
2026-07-16 12:47:18,TRAIL_BUY_PLACED,BONK-USDT-SWAP,BUY,0.000003523,28,-6.5269,0,0,callback=0.5%
2026-07-16 12:48:10,TRAIL_BUY_PLACED,IOTA-USDT-SWAP,BUY,0.03564,28,-5.5894,0,0,callback=0.5%
2026-07-16 12:48:15,TPSL_PLACED,KAITO-USDT-SWAP,SELL,0.7306,12,0,0,0,TP=0.7598 SL=0.7196
2026-07-16 12:49:45,TPSL_PLACED,USELESS-USDT-SWAP,SELL,0.06949,14,0,0,0,TP=0.07227 SL=0.06845
2026-07-16 12:51:19,TRAIL_BUY_PLACED,AAVE-USDT-SWAP,BUY,93.93,1,-5.1212,0,0,callback=0.5%
2026-07-16 12:51:24,TRAIL_BUY_PLACED,AERO-USDT-SWAP,BUY,0.4831,2,-6.7555,0,0,callback=0.5%
2026-07-16 12:52:20,TPSL_PLACED,FARTCOIN-USDT-SWAP,SELL,0.1433,4,0,0,0,TP=0.149 SL=0.1412
2026-07-16 12:52:51,TRAIL_BUY_PLACED,JTO-USDT-SWAP,BUY,0.5955,16,-5.2506,0,0,callback=0.5%
2026-07-16 12:57:13,CLOSED,H-USDT-SWAP,LONG,0.05851,0.013,0,-0.0007,-0.91,SL
2026-07-16 12:57:15,TRAIL_BUY_PLACED,H-USDT-SWAP,BUY,0.05847,1.7,-13.0558,0,0,callback=0.5%
2026-07-16 12:59:14,TRAIL_BUY_PLACED,WLD-USDT-SWAP,BUY,0.3984,25,-5.0524,0,0,callback=0.5%
2026-07-16 13:01:56,TPSL_PLACED,H-USDT-SWAP,SELL,0.0587,1,0,0,0,TP=0.06105 SL=0.05782
2026-07-16 13:02:03,TRAIL_BUY_PLACED,HYPE-USDT-SWAP,BUY,65.432,1,-5.0196,0,0,callback=0.5%
2026-07-16 13:05:22,TRAIL_BUY_PLACED,AERO-USDT-SWAP,BUY,0.485,2,-6.8204,0,0,callback=0.5%
2026-07-16 13:06:47,TRAIL_SELL_PLACED,KAITO-USDT-SWAP,SELL,0.743,12,0,0,0,reason=LOCK_PROFIT callback=0.5%
2026-07-16 13:06:51,TRAIL_BUY_PLACED,LA-USDT-SWAP,BUY,0.05479,18,-5.4367,0,0,callback=0.5%
2026-07-16 13:07:58,TPSL_PLACED,SPX-USDT-SWAP,SELL,0.3601,1,0,0,0,TP=0.3745 SL=0.3547
2026-07-16 13:09:56,TRAIL_BUY_PLACED,AERO-USDT-SWAP,BUY,0.4881,2,-6.2068,0,0,callback=0.5%
2026-07-16 13:11:18,TRAIL_BUY_PLACED,IOTA-USDT-SWAP,BUY,0.03577,27,-6.2139,0,0,callback=0.5%
2026-07-16 13:13:00,TPSL_PLACED,WLD-USDT-SWAP,SELL,0.3997,24,0,0,0,TP=0.4157 SL=0.3937
2026-07-16 13:15:03,TPSL_PLACED,BONK-USDT-SWAP,SELL,0.000003542,1,0,0,0,TP=0.00000368 SL=0.00000349
2026-07-16 13:15:55,TRAIL_BUY_PLACED,JTO-USDT-SWAP,BUY,0.5977,16,-5.3523,0,0,callback=0.5%
2026-07-16 13:15:58,CLOSED,KAITO-USDT-SWAP,LONG,0.7404,12,0,0.1176,1.34,TP
2026-07-16 13:20:34,TRAIL_BUY_PLACED,JTO-USDT-SWAP,BUY,0.6006,16,-5.1485,0,0,callback=0.5%
2026-07-16 13:21:21,TRAIL_BUY_PLACED,PEPE-USDT-SWAP,BUY,0.000002742,0.3,-5.1211,0,0,callback=0.5%
2026-07-16 13:23:34,TRAIL_SELL_PLACED,PI-USDT-SWAP,SELL,0.07657,131,0,0,0,reason=LOCK_PROFIT callback=0.5%
2026-07-16 13:23:40,TRAIL_BUY_PLACED,AAVE-USDT-SWAP,BUY,94.53,1,-5.3185,0,0,callback=0.5%
2026-07-16 13:25:08,TRAIL_BUY_PLACED,IOTA-USDT-SWAP,BUY,0.03598,27,-5.3407,0,0,callback=0.5%
2026-07-16 13:28:09,CLOSED,PI-USDT-SWAP,LONG,0.07634,131,0,0.1218,1.23,TP
2026-07-16 13:28:11,TRAIL_BUY_PLACED,PI-USDT-SWAP,BUY,0.07638,130,-8.1198,0,0,callback=0.5%
2026-07-16 13:28:22,TRAIL_BUY_PLACED,AERO-USDT-SWAP,BUY,0.4879,2,-6.4071,0,0,callback=0.5%
2026-07-16 13:32:49,TPSL_PLACED,PI-USDT-SWAP,SELL,0.07669,1,0,0,0,TP=0.07976 SL=0.07554
2026-07-16 13:32:59,TPSL_PLACED,AERO-USDT-SWAP,SELL,0.4877,2,0,0,0,TP=0.5072 SL=0.4804
2026-07-16 13:34:12,CLOSED,HOME-USDT-SWAP,LONG,0.01253,0.07,0,-0.0006,-0.71,SL
2026-07-16 13:34:14,TRAIL_BUY_PLACED,HOME-USDT-SWAP,BUY,0.01253,7,-9.9209,0,0,callback=0.5%
2026-07-16 13:34:32,TPSL_PLACED,LA-USDT-SWAP,SELL,0.05509,2,0,0,0,TP=0.05729 SL=0.05426
2026-07-16 13:35:57,TRAIL_SELL_PLACED,USELESS-USDT-SWAP,SELL,0.07079,14,0,0,0,reason=LOCK_PROFIT callback=0.5%
2026-07-16 13:38:58,TPSL_PLACED,JTO-USDT-SWAP,SELL,0.6025,3,0,0,0,TP=0.6266 SL=0.5935
2026-07-16 13:39:44,TPSL_PLACED,PEPE-USDT-SWAP,SELL,0.000002755,0.2,0,0,0,TP=0.00000286 SL=0.00000271
2026-07-16 13:40:30,CLOSED,USELESS-USDT-SWAP,LONG,0.07096,1.4,0,0.0206,2.12,TP
2026-07-16 13:40:31,TRAIL_BUY_PLACED,USELESS-USDT-SWAP,BUY,0.07096,14,-15.3020,0,0,callback=0.5%
2026-07-16 13:43:20,TPSL_PLACED,HOME-USDT-SWAP,SELL,0.01254,7,0,0,0,TP=0.01304 SL=0.01235
2026-07-16 13:54:14,TPSL_PLACED,USELESS-USDT-SWAP,SELL,0.07042,4,0,0,0,TP=0.07324 SL=0.06936
2026-07-16 14:13:15,TRAIL_SELL_PLACED,SPX-USDT-SWAP,SELL,0.3661,1,0,0,0,reason=LOCK_PROFIT callback=0.5%
2026-07-16 14:15:14,TRAIL_SELL_PLACED,AERO-USDT-SWAP,SELL,0.4954,2,0,0,0,reason=LOCK_PROFIT callback=0.5%
2026-07-16 14:19:35,CLOSED,PI-USDT-SWAP,LONG,0.07575,1,0,-0.0009,-1.23,SL
2026-07-16 14:19:37,TRAIL_BUY_PLACED,PI-USDT-SWAP,BUY,0.07564,132,-8.3485,0,0,callback=0.5%
2026-07-16 14:24:23,CLOSED,AERO-USDT-SWAP,LONG,0.4986,0.2,0,0.0218,2.23,TP
2026-07-16 14:28:59,TPSL_PLACED,PI-USDT-SWAP,SELL,0.07572,132,0,0,0,TP=0.07875 SL=0.07458
2026-07-16 14:30:23,CLOSED,HOME-USDT-SWAP,LONG,0.01232,0.07,0,-0.0015,-1.75,SL
2026-07-16 14:30:25,TRAIL_BUY_PLACED,HOME-USDT-SWAP,BUY,0.01232,8,-10.8538,0,0,callback=0.5%
2026-07-16 14:35:08,TPSL_PLACED,HOME-USDT-SWAP,SELL,0.01218,6,0,0,0,TP=0.01267 SL=0.012
2026-07-16 14:41:51,CLOSED,SPX-USDT-SWAP,LONG,0.3669,1,0,0.0068,1.89,TP
2026-07-16 14:58:55,CLOSED,HOME-USDT-SWAP,LONG,0.01197,0.06,0,-0.0013,-1.72,SL
2026-07-16 14:58:57,TRAIL_BUY_PLACED,HOME-USDT-SWAP,BUY,0.01197,8,-14.500,0,0,callback=0.5%
2026-07-16 15:08:23,TPSL_PLACED,HOME-USDT-SWAP,SELL,0.01176,6,0,0,0,TP=0.01223 SL=0.01158
2026-07-16 15:10:52,CLOSED,USELESS-USDT-SWAP,LONG,0.06964,0.4,0,-0.0031,-1.11,SL
2026-07-16 15:10:54,TRAIL_BUY_PLACED,USELESS-USDT-SWAP,BUY,0.06968,14,-14.6078,0,0,callback=0.5%
2026-07-16 15:13:07,TRAIL_SELL_PLACED,BONK-USDT-SWAP,SELL,0.000003609,1,0,0,0,reason=LOCK_PROFIT callback=0.5%
2026-07-16 15:13:46,TRAIL_SELL_PLACED,H-USDT-SWAP,SELL,0.05958,1,0,0,0,reason=LOCK_PROFIT callback=0.5%
2026-07-16 15:15:33,TPSL_PLACED,USELESS-USDT-SWAP,SELL,0.06977,4,0,0,0,TP=0.07256 SL=0.06872
2026-07-16 15:23:12,TRAIL_SELL_PLACED,EGLD-USDT-SWAP,SELL,3.159,32,0,0,0,reason=LOCK_PROFIT callback=0.5%
2026-07-16 15:23:34,CLOSED,H-USDT-SWAP,LONG,0.05936,0.01,0,0.0007,1.12,TP
2026-07-16 15:23:36,TRAIL_BUY_PLACED,H-USDT-SWAP,BUY,0.05936,1.6,-10.8307,0,0,callback=0.5%
2026-07-16 15:28:16,TPSL_PLACED,H-USDT-SWAP,SELL,0.05968,1.1,0,0,0,TP=0.06207 SL=0.05878
2026-07-16 15:32:30,CLOSED,EGLD-USDT-SWAP,LONG,3.155,320,0,1.7920,1.81,TP
2026-07-16 15:35:35,TRAIL_BUY_PLACED,PI-USDT-SWAP,BUY,0.0741,134,-8.3034,0,0,callback=0.5%
2026-07-16 15:37:17,TRAIL_SELL_PLACED,HOME-USDT-SWAP,SELL,0.012,6,0,0,0,reason=LOCK_PROFIT callback=0.5%
2026-07-16 15:41:26,CLOSED,HOME-USDT-SWAP,LONG,0.01201,0.06,0,0.0015,2.13,TP
2026-07-16 15:41:28,TRAIL_BUY_PLACED,HOME-USDT-SWAP,BUY,0.01201,8,-12.8447,0,0,callback=0.5%
2026-07-16 15:45:03,TPSL_PLACED,HOME-USDT-SWAP,SELL,0.01208,8,0,0,0,TP=0.01256 SL=0.0119
2026-07-16 15:45:15,CLOSED,JTO-USDT-SWAP,LONG,0.5916,3,0,-0.0327,-1.81,SL
2026-07-16 15:45:17,TRAIL_BUY_PLACED,JTO-USDT-SWAP,BUY,0.5916,16,-6.3479,0,0,callback=0.5%
2026-07-16 15:48:52,TPSL_PLACED,JTO-USDT-SWAP,SELL,0.5898,16,0,0,0,TP=0.6134 SL=0.581
2026-07-16 15:55:45,CLOSED,HOME-USDT-SWAP,LONG,0.01179,0.08,0,-0.0023,-2.40,SL
2026-07-16 15:55:47,TRAIL_BUY_PLACED,HOME-USDT-SWAP,BUY,0.01179,8,-14.4412,0,0,callback=0.5%
2026-07-16 15:59:22,TPSL_PLACED,HOME-USDT-SWAP,SELL,0.01183,7,0,0,0,TP=0.0123 SL=0.01165
2026-07-16 16:06:28,CLOSED,HOME-USDT-SWAP,LONG,0.0115,0.07,0,-0.0023,-2.79,SL
2026-07-16 16:06:30,TRAIL_BUY_PLACED,HOME-USDT-SWAP,BUY,0.0115,8,-16.6667,0,0,callback=0.5%
2026-07-16 16:08:12,CLOSED,USELESS-USDT-SWAP,LONG,0.06822,0.4,0,-0.0062,-2.22,SL
2026-07-16 16:08:14,TRAIL_BUY_PLACED,USELESS-USDT-SWAP,BUY,0.06823,14,-14.1005,0,0,callback=0.5%
2026-07-16 16:08:43,TRAIL_SELL_PLACED,PI-USDT-SWAP,SELL,0.07537,134,0,0,0,reason=LOCK_PROFIT callback=0.5%
2026-07-16 16:09:35,CLOSED,CVX-USDT-SWAP,LONG,1.236,7,0,-0.133,-1.51,SL
2026-07-16 16:10:06,TPSL_PLACED,HOME-USDT-SWAP,SELL,0.01156,8,0,0,0,TP=0.01202 SL=0.01139
2026-07-16 16:12:17,CLOSED,PI-USDT-SWAP,LONG,0.07525,134,0,0.1675,1.69,TP
2026-07-16 16:12:19,TRAIL_BUY_PLACED,PI-USDT-SWAP,BUY,0.07525,132,-5.9963,0,0,callback=0.5%
2026-07-16 16:15:23,TPSL_PLACED,USELESS-USDT-SWAP,SELL,0.06796,14,0,0,0,TP=0.07068 SL=0.06694
2026-07-16 16:19:23,TPSL_PLACED,PI-USDT-SWAP,SELL,0.07554,132,0,0,0,TP=0.07856 SL=0.07441
2026-07-16 16:20:07,TRAIL_BUY_PLACED,BONK-USDT-SWAP,BUY,0.000003541,28,-5.0925,0,0,callback=0.5%
2026-07-16 16:24:21,CLOSED,HOME-USDT-SWAP,LONG,0.01143,0.08,0,-0.0010,-1.12,SL
2026-07-16 16:24:23,TRAIL_BUY_PLACED,HOME-USDT-SWAP,BUY,0.01143,8,-17.2938,0,0,callback=0.5%
2026-07-16 16:27:20,TPSL_PLACED,BONK-USDT-SWAP,SELL,0.000003556,1,0,0,0,TP=0.0000037 SL=0.0000035
2026-07-16 16:28:00,TPSL_PLACED,HOME-USDT-SWAP,SELL,0.01147,7,0,0,0,TP=0.01193 SL=0.0113
2026-07-16 16:30:17,TRAIL_BUY_PLACED,AAVE-USDT-SWAP,BUY,91.82,1,-5.0367,0,0,callback=0.5%
2026-07-16 16:36:49,TRAIL_SELL_PLACED,USELESS-USDT-SWAP,SELL,0.06901,14,0,0,0,reason=LOCK_PROFIT callback=0.5%
2026-07-16 16:43:55,CLOSED,USELESS-USDT-SWAP,LONG,0.06916,1.4,0,0.0168,1.77,TP
2026-07-16 16:43:56,TRAIL_BUY_PLACED,USELESS-USDT-SWAP,BUY,0.06916,14,-13.6795,0,0,callback=0.5%
2026-07-16 16:48:40,CLOSED,BONK-USDT-SWAP,LONG,0.000003509,0.00001,0,0.0000,-1.32,SL
2026-07-16 16:48:42,TRAIL_BUY_PLACED,BONK-USDT-SWAP,BUY,0.000003509,28,-5.8239,0,0,callback=0.5%
2026-07-16 16:49:22,CLOSED,HOME-USDT-SWAP,LONG,0.01132,0.07,0,-0.0010,-1.31,SL
2026-07-16 16:49:23,TRAIL_BUY_PLACED,HOME-USDT-SWAP,BUY,0.01132,8,-23.0978,0,0,callback=0.5%
2026-07-16 16:51:06,TPSL_PLACED,USELESS-USDT-SWAP,SELL,0.06876,14,0,0,0,TP=0.07151 SL=0.06773
2026-07-16 16:52:57,TPSL_PLACED,HOME-USDT-SWAP,SELL,0.01132,7,0,0,0,TP=0.01177 SL=0.01115
2026-07-16 16:55:49,TPSL_PLACED,BONK-USDT-SWAP,SELL,0.000003525,2,0,0,0,TP=0.00000367 SL=0.00000347
2026-07-16 16:56:31,TRAIL_BUY_PLACED,HYPE-USDT-SWAP,BUY,64.003,1,-5.0781,0,0,callback=0.5%
2026-07-16 16:59:34,TRAIL_BUY_PLACED,CVX-USDT-SWAP,BUY,1.235,8,-5.00,0,0,callback=0.5%
2026-07-16 17:03:48,TRAIL_BUY_PLACED,JUP-USDT-SWAP,BUY,0.2013,4,-5.2260,0,0,callback=0.5%
2026-07-16 17:14:46,CLOSED,BONK-USDT-SWAP,LONG,0.00000349,0.00002,0,0.0000,-0.99,SL
2026-07-16 17:14:48,TRAIL_BUY_PLACED,BONK-USDT-SWAP,BUY,0.000003492,28,-6.1290,0,0,callback=0.5%
2026-07-16 17:15:10,CLOSED,FARTCOIN-USDT-SWAP,LONG,0.1405,4,0,-0.0112,-1.95,SL
2026-07-16 17:15:12,TRAIL_BUY_PLACED,FARTCOIN-USDT-SWAP,BUY,0.1405,71,-6.3957,0,0,callback=0.5%
2026-07-16 17:15:31,TRAIL_BUY_PLACED,HYPE-USDT-SWAP,BUY,62.698,1,-7.5823,0,0,callback=0.5%
2026-07-16 17:17:19,CLOSED,WLD-USDT-SWAP,LONG,0.3938,24,0,-0.1416,-1.48,SL
2026-07-16 17:18:22,TPSL_PLACED,BONK-USDT-SWAP,SELL,0.000003474,13,0,0,0,TP=0.00000361 SL=0.00000342
2026-07-16 17:18:44,TPSL_PLACED,FARTCOIN-USDT-SWAP,SELL,0.1397,71,0,0,0,TP=0.1453 SL=0.1376
2026-07-16 17:19:03,TRAIL_BUY_PLACED,HYPE-USDT-SWAP,BUY,62.359,1,-7.9545,0,0,callback=0.5%
2026-07-16 17:19:19,CLOSED,LA-USDT-SWAP,LONG,0.05447,0.2,0,-0.0012,-1.13,SL
2026-07-16 17:20:00,CLOSED,PEPE-USDT-SWAP,LONG,0.000002725,0.00000002,0,0.0000,-1.09,SL
2026-07-16 17:27:44,CLOSED,USELESS-USDT-SWAP,LONG,0.06778,1.4,0,-0.0137,-1.43,SL
2026-07-16 17:27:45,TRAIL_BUY_PLACED,USELESS-USDT-SWAP,BUY,0.06778,14,-16.0307,0,0,callback=0.5%
2026-07-16 17:28:20,TPSL_PLACED,AAVE-USDT-SWAP,SELL,92.09,0.8,0,0,0,TP=95.77 SL=90.71
2026-07-16 17:29:34,CLOSED,HOME-USDT-SWAP,LONG,0.01121,0.07,0,-0.0008,-0.97,SL
2026-07-16 17:29:36,TRAIL_BUY_PLACED,HOME-USDT-SWAP,BUY,0.01121,8,-20.8333,0,0,callback=0.5%
2026-07-16 17:29:38,TRAIL_BUY_PLACED,HYPE-USDT-SWAP,BUY,62.105,1,-8.4038,0,0,callback=0.5%
2026-07-16 17:31:18,TPSL_PLACED,USELESS-USDT-SWAP,SELL,0.06786,10,0,0,0,TP=0.07057 SL=0.06684
2026-07-16 17:33:01,TRAIL_BUY_PLACED,GPS-USDT-SWAP,BUY,0.008803,113,-7.8799,0,0,callback=0.5%
2026-07-16 17:33:08,TRAIL_BUY_PLACED,HOME-USDT-SWAP,BUY,0.01134,8,-18.8841,0,0,callback=0.5%
2026-07-16 17:36:32,TPSL_PLACED,GPS-USDT-SWAP,SELL,0.008834,6,0,0,0,TP=0.009187 SL=0.008701
2026-07-16 17:36:39,TRAIL_BUY_PLACED,HOME-USDT-SWAP,BUY,0.01127,8,-19.1535,0,0,callback=0.5%
2026-07-16 17:40:11,TRAIL_BUY_PLACED,HYPE-USDT-SWAP,BUY,62.418,1,-7.9381,0,0,callback=0.5%
2026-07-16 17:47:08,TRAIL_BUY_PLACED,HOME-USDT-SWAP,BUY,0.01119,8,-18.9130,0,0,callback=0.5%
2026-07-16 17:50:38,TRAIL_BUY_PLACED,HOME-USDT-SWAP,BUY,0.01127,8,-18.5105,0,0,callback=0.5%
2026-07-16 17:54:07,TRAIL_BUY_PLACED,HOME-USDT-SWAP,BUY,0.01123,8,-18.9755,0,0,callback=0.5%
2026-07-16 18:02:48,TPSL_PLACED,CVX-USDT-SWAP,SELL,1.219,4,0,0,0,TP=1.243 SL=1.195
2026-07-16 18:03:27,TRAIL_BUY_PLACED,HYPE-USDT-SWAP,BUY,62.63,1,-7.7478,0,0,callback=0.5%
2026-07-16 18:11:42,TRAIL_BUY_PLACED,HYPE-USDT-SWAP,BUY,62.32,1,-8.3233,0,0,callback=0.5%
2026-07-16 18:13:10,TRAIL_BUY_PLACED,SPX-USDT-SWAP,BUY,0.3571,28,-5.1779,0,0,callback=0.5%
2026-07-16 18:22:40,TRAIL_BUY_PLACED,HYPE-USDT-SWAP,BUY,62.549,1,-8.3410,0,0,callback=0.5%
2026-07-16 18:24:04,TPSL_PLACED,SPX-USDT-SWAP,SELL,0.3591,1,0,0,0,TP=0.3663 SL=0.3519
2026-07-16 18:24:23,TRAIL_SELL_PLACED,USELESS-USDT-SWAP,SELL,0.06889,10,0,0,0,reason=LOCK_PROFIT callback=0.3%
2026-07-16 18:27:52,CLOSED,USELESS-USDT-SWAP,LONG,0.06873,1,0,0.0087,1.28,TP
2026-07-16 18:27:54,TRAIL_BUY_PLACED,USELESS-USDT-SWAP,BUY,0.06871,14,-15.4130,0,0,callback=0.5%
2026-07-16 18:33:50,TRAIL_SELL_PLACED,GPS-USDT-SWAP,SELL,0.008989,6,0,0,0,reason=LOCK_PROFIT callback=0.3%
2026-07-16 18:36:53,TRAIL_BUY_PLACED,BRETT-USDT-SWAP,BUY,0.005089,19,-5.0383,0,0,callback=0.5%
2026-07-16 18:37:27,CLOSED,GPS-USDT-SWAP,LONG,0.008983,0.6,0,0.0009,1.69,TP
2026-07-16 18:37:29,TRAIL_BUY_PLACED,GPS-USDT-SWAP,BUY,0.008983,111,-5.9470,0,0,callback=0.5%
2026-07-16 18:43:57,CLOSED,BONK-USDT-SWAP,LONG,0.000003361,0.00013,0,0.0000,-3.25,SL
2026-07-16 18:43:59,TRAIL_BUY_PLACED,BONK-USDT-SWAP,BUY,0.000003361,29,-10.4450,0,0,callback=0.5%
2026-07-16 18:44:31,TPSL_PLACED,GPS-USDT-SWAP,SELL,0.0089568681318682,91,0,0,0,TP=0.009136 SL=0.008778
2026-07-16 18:46:20,TRAIL_BUY_PLACED,USELESS-USDT-SWAP,BUY,0.06822,14,-16.5096,0,0,callback=0.5%
2026-07-16 18:47:30,TPSL_PLACED,BONK-USDT-SWAP,SELL,0.000003358,11,0,0,0,TP=0.00000342 SL=0.00000329
2026-07-16 18:51:39,CLOSED,BONK-USDT-SWAP,LONG,0.000003417,0.00011,0,0.0000,1.76,TP
2026-07-16 18:51:40,TRAIL_BUY_PLACED,BONK-USDT-SWAP,BUY,0.000003415,29,-8.6898,0,0,callback=0.5%
2026-07-16 18:54:00,TRAIL_BUY_PLACED,USELESS-USDT-SWAP,BUY,0.0686,14,-15.7248,0,0,callback=0.5%
2026-07-16 18:55:11,TPSL_PLACED,BONK-USDT-SWAP,SELL,0.00000343,13,0,0,0,TP=0.0000035 SL=0.00000336
2026-07-16 18:55:51,TRAIL_BUY_PLACED,HYPE-USDT-SWAP,BUY,62.752,1,-6.5912,0,0,callback=0.5%
2026-07-16 19:04:27,TRAIL_BUY_PLACED,USELESS-USDT-SWAP,BUY,0.06841,14,-15.8342,0,0,callback=0.5%
2026-07-16 19:15:01,TRAIL_BUY_PLACED,USELESS-USDT-SWAP,BUY,0.06802,14,-16.2006,0,0,callback=0.5%
2026-07-16 19:22:02,TRAIL_BUY_PLACED,USELESS-USDT-SWAP,BUY,0.06806,14,-16.0893,0,0,callback=0.5%
2026-07-16 19:23:52,TRAIL_BUY_PLACED,HYPE-USDT-SWAP,BUY,62.364,1,-7.1536,0,0,callback=0.5%
2026-07-16 19:29:05,TRAIL_BUY_PLACED,USELESS-USDT-SWAP,BUY,0.06789,14,-16.2162,0,0,callback=0.5%
2026-07-16 19:31:39,TRAIL_BUY_PLACED,HYPE-USDT-SWAP,BUY,62.516,1,-6.9065,0,0,callback=0.5%
2026-07-16 19:33:21,TRAIL_BUY_PLACED,USELESS-USDT-SWAP,BUY,0.06866,14,-15.6407,0,0,callback=0.5%
2026-07-16 19:45:34,CLOSED,GPS-USDT-SWAP,LONG,0.008826,9.1,0,-0.0119,-1.46,SL
2026-07-16 19:45:36,TRAIL_BUY_PLACED,GPS-USDT-SWAP,BUY,0.008826,113,-7.4940,0,0,callback=0.5%
2026-07-16 19:49:10,TPSL_PLACED,H-USDT-SWAP,SELL,0.06196,1,0,0,0,TP=0.0632 SL=0.06072
2026-07-16 19:50:54,TRAIL_BUY_PLACED,USELESS-USDT-SWAP,BUY,0.06814,14,-15.9803,0,0,callback=0.5%
2026-07-16 19:52:46,TRAIL_BUY_PLACED,HYPE-USDT-SWAP,BUY,62.405,1,-6.6143,0,0,callback=0.5%
2026-07-16 19:59:40,TPSL_PLACED,GPS-USDT-SWAP,SELL,0.008882,2,0,0,0,TP=0.00906 SL=0.008704
2026-07-16 20:06:06,TRAIL_SELL_PLACED,BONK-USDT-SWAP,SELL,0.000003498,13,0,0,0,reason=LOCK_PROFIT callback=0.3%
2026-07-16 20:06:42,TRAIL_SELL_PLACED,H-USDT-SWAP,SELL,0.06309,1,0,0,0,reason=LOCK_PROFIT callback=0.3%
2026-07-16 20:07:41,TRAIL_BUY_PLACED,PEOPLE-USDT-SWAP,BUY,0.005475,18,-5.0304,0,0,callback=0.5%
2026-07-16 20:08:28,TPSL_PLACED,USELESS-USDT-SWAP,SELL,0.06831,7,0,0,0,TP=0.06968 SL=0.06694
2026-07-16 20:09:37,CLOSED,BONK-USDT-SWAP,LONG,0.000003498,0.00013,0,0.0000,1.98,TP
2026-07-16 20:09:39,TRAIL_BUY_PLACED,BONK-USDT-SWAP,BUY,0.000003498,28,-6.3955,0,0,callback=0.5%
2026-07-16 20:12:32,TRAIL_BUY_PLACED,A-USDT-SWAP,BUY,0.07228,13,-5.0571,0,0,callback=0.5%
2026-07-16 20:13:50,TRAIL_BUY_PLACED,HYPE-USDT-SWAP,BUY,62.529,1,-6.4903,0,0,callback=0.5%
2026-07-16 20:16:39,TPSL_PLACED,BONK-USDT-SWAP,SELL,0.000003505,1,0,0,0,TP=0.00000358 SL=0.00000344
2026-07-16 20:36:48,TRAIL_SELL_PLACED,PI-USDT-SWAP,SELL,0.07667,132,0,0,0,reason=LOCK_PROFIT callback=0.3%
2026-07-16 20:45:16,TRAIL_SELL_PLACED,H-USDT-SWAP,SELL,0.06037,1,0,0,0,reason=EMERGENCY_SL callback=0.3%
2026-07-16 20:45:22,TRAIL_BUY_PLACED,HYPE-USDT-SWAP,BUY,62.651,1,-6.7846,0,0,callback=0.5%
2026-07-16 20:47:32,CLOSED,PI-USDT-SWAP,LONG,0.07663,132,0,0.1439,1.44,TP
2026-07-16 20:48:53,TRAIL_SELL_PLACED,H-USDT-SWAP,SELL,0.06028,1,0,0,0,reason=EMERGENCY_SL callback=0.3%
2026-07-16 20:52:31,TRAIL_SELL_PLACED,H-USDT-SWAP,SELL,0.0603,1,0,0,0,reason=EMERGENCY_SL callback=0.3%
2026-07-16 20:56:07,TRAIL_SELL_PLACED,H-USDT-SWAP,SELL,0.06019,1,0,0,0,reason=EMERGENCY_SL callback=0.3%
2026-07-16 20:59:40,CLOSED,H-USDT-SWAP,LONG,0.05995,0.01,0,0.0020,-3.24,SL
2026-07-16 21:03:15,TPSL_PLACED,HYPE-USDT-SWAP,SELL,62.485,1,0,0,0,TP=63.735 SL=61.235
2026-07-16 21:07:39,TPSL_PLACED,PEOPLE-USDT-SWAP,SELL,0.0054919444444445,18,0,0,0,TP=0.005602 SL=0.005382
2026-07-16 21:41:41,TRAIL_SELL_PLACED,FARTCOIN-USDT-SWAP,SELL,0.1418,71,0,0,0,reason=LOCK_PROFIT callback=0.3%
2026-07-16 21:45:08,CLOSED,FARTCOIN-USDT-SWAP,LONG,0.1414,71,0,0.1207,1.22,TP
2026-07-16 21:45:10,TRAIL_BUY_PLACED,FARTCOIN-USDT-SWAP,BUY,0.1414,70,-6.4815,0,0,callback=0.5%
2026-07-16 21:45:20,CLOSED,GPS-USDT-SWAP,LONG,0.008723,0.2,0,-0.0003,-1.79,SL
2026-07-16 21:45:22,TRAIL_BUY_PLACED,GPS-USDT-SWAP,BUY,0.008723,114,-7.9270,0,0,callback=0.5%
2026-07-16 21:51:54,TRAIL_SELL_PLACED,CVX-USDT-SWAP,SELL,1.238,4,0,0,0,reason=LOCK_PROFIT callback=0.3%
2026-07-16 21:52:16,TPSL_PLACED,GPS-USDT-SWAP,SELL,0.0087728070175439,114,0,0,0,TP=0.008948 SL=0.008597
2026-07-16 21:58:53,CLOSED,CVX-USDT-SWAP,LONG,1.234,4,0,0.060,1.23,TP
2026-07-16 22:13:15,TRAIL_SELL_PLACED,BONK-USDT-SWAP,SELL,0.00000356,1,0,0,0,reason=LOCK_PROFIT callback=0.3%
2026-07-16 22:20:10,CLOSED,BONK-USDT-SWAP,LONG,0.000003553,0.00001,0,0.0000,1.37,TP
2026-07-16 22:21:01,CLOSED,JTO-USDT-SWAP,LONG,0.5755,16,0,-0.2288,-2.42,SL
2026-07-16 22:21:03,TRAIL_BUY_PLACED,JTO-USDT-SWAP,BUY,0.5756,17,-7.0564,0,0,callback=0.5%
2026-07-16 22:22:33,CLOSED,USELESS-USDT-SWAP,LONG,0.06634,0.7,0,-0.0138,-2.88,SL
2026-07-16 22:22:35,TRAIL_BUY_PLACED,USELESS-USDT-SWAP,BUY,0.06634,15,-19.0778,0,0,callback=0.5%
2026-07-16 22:28:01,TPSL_PLACED,JTO-USDT-SWAP,SELL,0.5655,17,0,0,0,TP=0.5768 SL=0.5542
2026-07-16 22:32:57,TPSL_PLACED,USELESS-USDT-SWAP,SELL,0.0667126666666668,15,0,0,0,TP=0.06805 SL=0.06538
2026-07-16 22:34:29,TPSL_PLACED,FARTCOIN-USDT-SWAP,SELL,0.1387,16,0,0,0,TP=0.1415 SL=0.1359
2026-07-16 22:43:19,CLOSED,SPX-USDT-SWAP,LONG,0.352,1,0,-0.0071,-1.98,SL
2026-07-16 22:43:21,TRAIL_BUY_PLACED,SPX-USDT-SWAP,BUY,0.352,28,-7.8534,0,0,callback=0.5%
2026-07-16 23:01:37,TRAIL_BUY_PLACED,AERO-USDT-SWAP,BUY,0.4772,2,-6.0075,0,0,callback=0.5%
2026-07-16 23:04:10,TPSL_PLACED,SPX-USDT-SWAP,SELL,0.3526,1,0,0,0,TP=0.3597 SL=0.3455
2026-07-16 23:13:11,CLOSED,HYPE-USDT-SWAP,LONG,61.292,10,0,-1.1930,-1.91,SL
2026-07-16 23:13:13,TRAIL_BUY_PLACED,HYPE-USDT-SWAP,BUY,61.323,1,-8.8418,0,0,callback=0.5%
2026-07-16 23:15:43,TPSL_PLACED,WOO-USDT-SWAP,SELL,0.01192,45,0,0,0,TP=0.01216 SL=0.01168
2026-07-16 23:16:12,TPSL_PLACED,AERO-USDT-SWAP,SELL,0.477,1,0,0,0,TP=0.4865 SL=0.4675
2026-07-16 23:23:15,CLOSED,USELESS-USDT-SWAP,LONG,0.0657,1.5,0,-0.0152,-1.52,SL
2026-07-16 23:23:17,TRAIL_BUY_PLACED,USELESS-USDT-SWAP,BUY,0.0657,15,-19.4359,0,0,callback=0.5%
2026-07-16 23:23:25,CLOSED,WOO-USDT-SWAP,LONG,0.01172,4.5,0,-0.0090,-1.68,SL
2026-07-16 23:23:35,CLOSED,ZRO-USDT-SWAP,LONG,0.799,12,0,-0.1606,-1.65,SL
2026-07-16 23:24:28,TRAIL_BUY_PLACED,BONK-USDT-SWAP,BUY,0.000003479,28,-6.3778,0,0,callback=0.5%
2026-07-16 23:30:13,TPSL_PLACED,USELESS-USDT-SWAP,SELL,0.06585,15,0,0,0,TP=0.06717 SL=0.06453
2026-07-16 23:35:24,CLOSED,GPS-USDT-SWAP,LONG,0.00858,11.4,0,-0.0220,-2.20,SL
2026-07-16 23:35:26,TRAIL_BUY_PLACED,GPS-USDT-SWAP,BUY,0.00858,116,-10.1947,0,0,callback=0.5%
2026-07-16 23:39:43,TPSL_PLACED,HYPE-USDT-SWAP,SELL,60.857,1,0,0,0,TP=62.074 SL=59.64
2026-07-16 23:42:33,TPSL_PLACED,BONK-USDT-SWAP,SELL,0.00000349,28,0,0,0,TP=0.00000356 SL=0.00000342
2026-07-16 23:46:34,TPSL_PLACED,GPS-USDT-SWAP,SELL,0.008615,31,0,0,0,TP=0.008787 SL=0.008443
2026-07-17 00:03:43,CLOSED,FARTCOIN-USDT-SWAP,LONG,0.1356,16,0,-0.0496,-2.24,SL
2026-07-17 00:03:45,TRAIL_BUY_PLACED,FARTCOIN-USDT-SWAP,BUY,0.1356,73,-9.7204,0,0,callback=0.5%
2026-07-17 00:07:42,TRAIL_BUY_PLACED,JUP-USDT-SWAP,BUY,0.1946,5,-6.3072,0,0,callback=0.5%
2026-07-17 00:09:38,TRAIL_BUY_PLACED,PI-USDT-SWAP,BUY,0.0746,134,-6.7850,0,0,callback=0.5%
2026-07-17 00:10:19,CLOSED,BONK-USDT-SWAP,LONG,0.00000341,0.00028,0,0.0000,-2.29,SL
2026-07-17 00:10:21,TRAIL_BUY_PLACED,BONK-USDT-SWAP,BUY,0.00000341,29,-7.7381,0,0,callback=0.5%
2026-07-17 00:10:44,TPSL_PLACED,FARTCOIN-USDT-SWAP,SELL,0.1353,70,0,0,0,TP=0.138 SL=0.1326
2026-07-17 00:11:13,TRAIL_BUY_PLACED,JUP-USDT-SWAP,BUY,0.194,5,-6.5060,0,0,callback=0.5%
2026-07-17 00:13:09,TPSL_PLACED,PI-USDT-SWAP,SELL,0.07453,6,0,0,0,TP=0.07602 SL=0.07304
2026-07-17 00:20:44,TRAIL_BUY_PLACED,BONK-USDT-SWAP,BUY,0.000003412,29,-7.7838,0,0,callback=0.5%
2026-07-17 00:31:09,CLOSED,AAVE-USDT-SWAP,LONG,90.82,8,0,-1.016,-1.38,SL
2026-07-17 00:32:17,CLOSED,GPS-USDT-SWAP,LONG,0.00866,3.1,0,0.0014,0.52,TP
2026-07-17 00:32:19,TRAIL_BUY_PLACED,GPS-USDT-SWAP,BUY,0.00866,115,-9.1195,0,0,callback=0.5%
2026-07-17 00:32:39,TRAIL_BUY_PLACED,JUP-USDT-SWAP,BUY,0.193,5,-6.3107,0,0,callback=0.5%
2026-07-17 00:39:13,TPSL_PLACED,GPS-USDT-SWAP,SELL,0.0087088834951457,103,0,0,0,TP=0.008883 SL=0.008535
2026-07-17 00:51:52,TRAIL_SELL_PLACED,PI-USDT-SWAP,SELL,0.07568,6,0,0,0,reason=LOCK_PROFIT callback=0.3%
2026-07-17 00:55:19,CLOSED,PI-USDT-SWAP,LONG,0.07547,6,0,0.0056,1.26,TP
2026-07-17 00:58:20,CLOSED,USELESS-USDT-SWAP,LONG,0.06716,1.5,0,0.0196,1.99,TP
2026-07-17 00:58:22,TRAIL_BUY_PLACED,USELESS-USDT-SWAP,BUY,0.06716,14,-18.1275,0,0,callback=0.5%
2026-07-17 01:02:56,TPSL_PLACED,BONK-USDT-SWAP,SELL,0.000003402,29,0,0,0,TP=0.00000347 SL=0.00000333
2026-07-17 01:06:55,CLOSED,GPS-USDT-SWAP,LONG,0.008881,10.3,0,0.0177,1.98,TP
2026-07-17 01:06:57,TRAIL_BUY_PLACED,GPS-USDT-SWAP,BUY,0.008881,112,-7.0733,0,0,callback=0.5%
2026-07-17 01:10:23,TPSL_PLACED,GPS-USDT-SWAP,SELL,0.008862,112,0,0,0,TP=0.009039 SL=0.008685
2026-07-17 01:12:10,TPSL_PLACED,USELESS-USDT-SWAP,SELL,0.06666,5,0,0,0,TP=0.06799 SL=0.06533
2026-07-17 01:30:48,TRAIL_BUY_PLACED,EGLD-USDT-SWAP,BUY,3.094,32,-6.2708,0,0,callback=0.5%
2026-07-17 01:41:47,TRAIL_BUY_PLACED,JUP-USDT-SWAP,BUY,0.1941,5,-6.1866,0,0,callback=0.5%
2026-07-17 01:43:14,CLOSED,USELESS-USDT-SWAP,LONG,0.06572,0.5,0,-0.0047,-1.41,SL
2026-07-17 01:43:16,TRAIL_BUY_PLACED,USELESS-USDT-SWAP,BUY,0.06572,15,-20.2814,0,0,callback=0.5%
2026-07-17 01:46:42,TPSL_PLACED,USELESS-USDT-SWAP,SELL,0.0658,4,0,0,0,TP=0.06712 SL=0.06448
2026-07-17 01:50:10,TRAIL_BUY_PLACED,TIA-USDT-SWAP,BUY,0.394,25,-6.4133,0,0,callback=0.5%
2026-07-17 01:51:40,CLOSED,AERO-USDT-SWAP,LONG,0.4675,0.1,0,-0.0095,-1.99,SL
2026-07-17 01:51:42,TRAIL_BUY_PLACED,AERO-USDT-SWAP,BUY,0.4675,2,-7.9181,0,0,callback=0.5%
2026-07-17 01:53:01,TRAIL_BUY_PLACED,INJ-USDT-SWAP,BUY,4.854,20,-6.0213,0,0,callback=0.5%
2026-07-17 01:54:45,TRAIL_BUY_PLACED,WLD-USDT-SWAP,BUY,0.3852,25,-6.0946,0,0,callback=0.5%
2026-07-17 01:54:47,TRAIL_BUY_PLACED,WOO-USDT-SWAP,BUY,0.01166,85,-6.0435,0,0,callback=0.5%
2026-07-17 01:55:13,TRAIL_BUY_PLACED,AAVE-USDT-SWAP,BUY,90.37,1.1,-6.2844,0,0,callback=0.5%
2026-07-17 01:56:25,TRAIL_BUY_PLACED,GRASS-USDT-SWAP,BUY,0.3632,27,-6.1256,0,0,callback=0.5%
2026-07-17 01:59:40,TPSL_PLACED,EGLD-USDT-SWAP,SELL,3.095,27,0,0,0,TP=3.157 SL=3.033
2026-07-17 02:00:06,CLOSED,HYPE-USDT-SWAP,LONG,60.047,10,0,-0.8100,-1.33,SL
2026-07-17 02:00:08,TRAIL_BUY_PLACED,HYPE-USDT-SWAP,BUY,60.055,1,-9.9166,0,0,callback=0.5%
2026-07-17 02:03:24,CLOSED,FARTCOIN-USDT-SWAP,LONG,0.1332,70,0,-0.1470,-1.55,SL
2026-07-17 02:03:26,TRAIL_BUY_PLACED,FARTCOIN-USDT-SWAP,BUY,0.1331,75,-11.0294,0,0,callback=0.5%
2026-07-17 02:03:36,TRAIL_SELL_PLACED,GPS-USDT-SWAP,SELL,0.008998,112,0,0,0,reason=LOCK_PROFIT callback=0.3%
2026-07-17 02:03:44,TPSL_PLACED,HYPE-USDT-SWAP,SELL,60.35,1,0,0,0,TP=61.557 SL=59.143
2026-07-17 02:03:56,TRAIL_BUY_PLACED,JUP-USDT-SWAP,BUY,0.1929,5,-7.0809,0,0,callback=0.5%
2026-07-17 02:05:19,TPSL_PLACED,TIA-USDT-SWAP,SELL,0.388,1,0,0,0,TP=0.3958 SL=0.3802
2026-07-17 02:07:10,CLOSED,GPS-USDT-SWAP,LONG,0.008943,11.2,0,0.0091,0.91,TP
2026-07-17 02:07:12,TRAIL_BUY_PLACED,GPS-USDT-SWAP,BUY,0.008943,111,-7.5372,0,0,callback=0.5%
2026-07-17 02:07:14,TPSL_PLACED,GRASS-USDT-SWAP,SELL,0.3652,27,0,0,0,TP=0.3725 SL=0.3579
2026-07-17 02:08:51,TRAIL_BUY_PLACED,TAO-USDT-SWAP,BUY,190.6,5,-6.1546,0,0,callback=0.5%
2026-07-17 02:09:12,TPSL_PLACED,WOO-USDT-SWAP,SELL,0.0117,23,0,0,0,TP=0.01193 SL=0.01147
2026-07-17 02:09:43,TRAIL_BUY_PLACED,AERO-USDT-SWAP,BUY,0.4668,2,-7.9472,0,0,callback=0.5%
2026-07-17 02:10:15,TRAIL_BUY_PLACED,BOME-USDT-SWAP,BUY,0.0003969,25,-6.3694,0,0,callback=0.5%
2026-07-17 02:11:52,CLOSED,PEOPLE-USDT-SWAP,LONG,0.005397,0.18,0,-0.0017,-1.73,SL
2026-07-17 02:13:20,TRAIL_BUY_PLACED,AERO-USDT-SWAP,BUY,0.47,2,-7.4256,0,0,callback=0.5%
2026-07-17 02:14:15,TPSL_PLACED,FARTCOIN-USDT-SWAP,SELL,0.133,2,0,0,0,TP=0.1357 SL=0.1303
2026-07-17 02:14:26,TPSL_PLACED,GPS-USDT-SWAP,SELL,0.008949,85,0,0,0,TP=0.009128 SL=0.00877
2026-07-17 02:14:45,TRAIL_BUY_PLACED,JUP-USDT-SWAP,BUY,0.1931,5,-6.9846,0,0,callback=0.5%
2026-07-17 02:16:04,TRAIL_BUY_PLACED,SYRUP-USDT-SWAP,BUY,0.1799,5,-6.1555,0,0,callback=0.5%
2026-07-17 02:16:46,TRAIL_BUY_PLACED,PI-USDT-SWAP,BUY,0.07618,131,-6.3898,0,0,callback=0.5%
2026-07-17 02:16:57,TRAIL_BUY_PLACED,AERO-USDT-SWAP,BUY,0.4753,2,-6.4002,0,0,callback=0.5%
2026-07-17 02:20:22,TPSL_PLACED,PI-USDT-SWAP,SELL,0.07654,1,0,0,0,TP=0.07807 SL=0.07501
2026-07-17 02:23:36,TRAIL_BUY_PLACED,WLD-USDT-SWAP,BUY,0.3834,26,-6.1904,0,0,callback=0.5%
2026-07-17 02:24:55,TRAIL_BUY_PLACED,EIGEN-USDT-SWAP,BUY,0.2286,43,-6.2731,0,0,callback=0.5%
2026-07-17 02:27:42,TRAIL_BUY_PLACED,AERO-USDT-SWAP,BUY,0.4753,2,-6.5658,0,0,callback=0.5%
2026-07-17 02:28:15,TRAIL_BUY_PLACED,BOME-USDT-SWAP,BUY,0.0003988,25,-6.0763,0,0,callback=0.5%
2026-07-17 02:35:19,TRAIL_BUY_PLACED,BIO-USDT-SWAP,BUY,0.02614,382,-6.3418,0,0,callback=0.5%
2026-07-17 02:36:12,TRAIL_BUY_PLACED,INJ-USDT-SWAP,BUY,4.847,20,-6.0295,0,0,callback=0.5%
2026-07-17 02:37:01,TRAIL_BUY_PLACED,PEOPLE-USDT-SWAP,BUY,0.005389,18,-6.0003,0,0,callback=0.5%
2026-07-17 02:37:38,CLOSED,TIA-USDT-SWAP,LONG,0.3806,1,0,-0.0074,-1.91,SL
2026-07-17 02:37:40,TRAIL_BUY_PLACED,TIA-USDT-SWAP,BUY,0.3805,26,-9.1452,0,0,callback=0.5%
2026-07-17 02:38:55,TPSL_PLACED,BIO-USDT-SWAP,SELL,0.02629,11,0,0,0,TP=0.02682 SL=0.02576
2026-07-17 02:41:56,TRAIL_BUY_PLACED,AAVE-USDT-SWAP,BUY,90.36,1.1,-6.1195,0,0,callback=0.5%
2026-07-17 02:48:15,TRAIL_BUY_PLACED,TIA-USDT-SWAP,BUY,0.3819,26,-8.7455,0,0,callback=0.5%
2026-07-17 02:49:31,TRAIL_BUY_PLACED,BLUR-USDT-SWAP,BUY,0.01582,63,-6.0012,0,0,callback=0.5%
2026-07-17 02:51:56,CLOSED,USELESS-USDT-SWAP,LONG,0.06403,0.4,0,-0.0071,-2.69,SL
2026-07-17 02:51:58,TRAIL_BUY_PLACED,USELESS-USDT-SWAP,BUY,0.06408,15,-21.2583,0,0,callback=0.5%
2026-07-17 02:53:24,TPSL_PLACED,EIGEN-USDT-SWAP,SELL,0.2267,9,0,0,0,TP=0.2312 SL=0.2222
2026-07-17 02:55:33,TRAIL_BUY_PLACED,USELESS-USDT-SWAP,BUY,0.06429,15,-21.6549,0,0,callback=0.5%
2026-07-17 02:55:42,TRAIL_BUY_PLACED,WLD-USDT-SWAP,BUY,0.3801,26,-6.8154,0,0,callback=0.5%
2026-07-17 02:58:57,TRAIL_BUY_PLACED,TIA-USDT-SWAP,BUY,0.3811,26,-8.8059,0,0,callback=0.5%
2026-07-17 02:59:06,TRAIL_BUY_PLACED,USELESS-USDT-SWAP,BUY,0.0644,15,-22.2034,0,0,callback=0.5%
2026-07-17 02:59:15,TRAIL_BUY_PLACED,WLD-USDT-SWAP,BUY,0.3819,26,-6.2822,0,0,callback=0.5%
2026-07-17 03:00:17,TRAIL_BUY_PLACED,BOME-USDT-SWAP,BUY,0.0003988,25,-6.0099,0,0,callback=0.5%
2026-07-17 03:01:11,TRAIL_BUY_PLACED,JUP-USDT-SWAP,BUY,0.1937,5,-6.9645,0,0,callback=0.5%
2026-07-17 03:06:11,TRAIL_BUY_PLACED,TIA-USDT-SWAP,BUY,0.3824,26,-8.1432,0,0,callback=0.5%
2026-07-17 03:06:29,TRAIL_BUY_PLACED,WLD-USDT-SWAP,BUY,0.3825,26,-6.3418,0,0,callback=0.5%
2026-07-17 03:06:56,TRAIL_BUY_PLACED,AAVE-USDT-SWAP,BUY,90.68,1.1,-6.0311,0,0,callback=0.5%
2026-07-17 03:08:27,TRAIL_BUY_PLACED,JUP-USDT-SWAP,BUY,0.1947,5,-6.4392,0,0,callback=0.5%
2026-07-17 03:09:57,TRAIL_BUY_PLACED,USELESS-USDT-SWAP,BUY,0.06437,15,-22.0891,0,0,callback=0.5%
2026-07-17 03:14:38,TRAIL_BUY_PLACED,BLUR-USDT-SWAP,BUY,0.01581,63,-6.0048,0,0,callback=0.5%
2026-07-17 03:16:56,TRAIL_BUY_PLACED,SYRUP-USDT-SWAP,BUY,0.1802,5,-8.6670,0,0,callback=0.5%
2026-07-17 03:17:00,TRAIL_BUY_PLACED,TIA-USDT-SWAP,BUY,0.3838,26,-7.3618,0,0,callback=0.5%
2026-07-17 03:17:10,TRAIL_BUY_PLACED,USELESS-USDT-SWAP,BUY,0.06464,15,-21.1226,0,0,callback=0.5%
2026-07-17 03:18:57,TRAIL_SELL_PLACED,GRASS-USDT-SWAP,SELL,0.3712,27,0,0,0,reason=LOCK_PROFIT callback=0.3%
2026-07-17 03:20:47,TRAIL_BUY_PLACED,USELESS-USDT-SWAP,BUY,0.06446,15,-21.4860,0,0,callback=0.5%
2026-07-17 03:22:34,CLOSED,GRASS-USDT-SWAP,LONG,0.3749,27,0,0.2619,2.66,TP
2026-07-17 03:22:54,TPSL_PLACED,JUP-USDT-SWAP,SELL,0.1955,5,0,0,0,TP=0.1994 SL=0.1916
2026-07-17 03:25:02,TPSL_PLACED,AAVE-USDT-SWAP,SELL,91.09,0.2,0,0,0,TP=92.91 SL=89.27
2026-07-17 03:27:59,TRAIL_BUY_PLACED,TIA-USDT-SWAP,BUY,0.3852,25,-6.9116,0,0,callback=0.5%
2026-07-17 03:28:09,TRAIL_BUY_PLACED,USELESS-USDT-SWAP,BUY,0.06484,15,-18.8181,0,0,callback=0.5%
2026-07-17 03:31:44,TRAIL_BUY_PLACED,USELESS-USDT-SWAP,BUY,0.06421,15,-19.7275,0,0,callback=0.5%
2026-07-17 03:38:41,TRAIL_BUY_PLACED,TIA-USDT-SWAP,BUY,0.3821,26,-7.5266,0,0,callback=0.5%
2026-07-17 03:40:18,TRAIL_SELL_PLACED,EIGEN-USDT-SWAP,SELL,0.2303,9,0,0,0,reason=LOCK_PROFIT callback=0.3%
2026-07-17 03:42:24,TPSL_PLACED,USELESS-USDT-SWAP,SELL,0.06437,3,0,0,0,TP=0.06566 SL=0.06308
2026-07-17 03:43:52,CLOSED,EIGEN-USDT-SWAP,LONG,0.2298,9,0,0.0279,1.37,TP
2026-07-17 03:43:54,TRAIL_BUY_PLACED,EIGEN-USDT-SWAP,BUY,0.2298,43,-6.9636,0,0,callback=0.5%
2026-07-17 03:47:29,TPSL_PLACED,EIGEN-USDT-SWAP,SELL,0.231,1,0,0,0,TP=0.2356 SL=0.2264
2026-07-17 03:50:18,CLOSED,USELESS-USDT-SWAP,LONG,0.06331,0.3,0,-0.0032,-1.65,SL
2026-07-17 03:50:19,TRAIL_BUY_PLACED,USELESS-USDT-SWAP,BUY,0.06331,15,-18.3939,0,0,callback=0.5%
2026-07-17 03:57:29,TPSL_PLACED,USELESS-USDT-SWAP,SELL,0.06354,2,0,0,0,TP=0.06481 SL=0.06227
2026-07-17 04:02:45,CLOSED,GPS-USDT-SWAP,LONG,0.008787,8.5,0,-0.0138,-1.81,SL
2026-07-17 04:02:47,TRAIL_BUY_PLACED,GPS-USDT-SWAP,BUY,0.008787,113,-10.4373,0,0,callback=0.5%
2026-07-17 04:04:28,TPSL_PLACED,TIA-USDT-SWAP,SELL,0.3799,1,0,0,0,TP=0.3875 SL=0.3723
2026-07-17 04:05:48,CLOSED,BONK-USDT-SWAP,LONG,0.00000333,0.00029,0,0.0000,-2.12,SL
2026-07-17 04:05:50,TRAIL_BUY_PLACED,BONK-USDT-SWAP,BUY,0.00000333,30,-8.0110,0,0,callback=0.5%
2026-07-17 04:06:24,TPSL_PLACED,GPS-USDT-SWAP,SELL,0.008806,113,0,0,0,TP=0.008982 SL=0.00863
2026-07-17 04:08:15,TRAIL_BUY_PLACED,VANA-USDT-SWAP,BUY,1.21,82,-6.3467,0,0,callback=0.5%
2026-07-17 04:12:53,TPSL_PLACED,BLUR-USDT-SWAP,SELL,0.01571,23,0,0,0,TP=0.01602 SL=0.0154
2026-07-17 04:18:53,CLOSED,USELESS-USDT-SWAP,LONG,0.06234,0.2,0,-0.0024,-1.89,SL
2026-07-17 04:18:55,TRAIL_BUY_PLACED,USELESS-USDT-SWAP,BUY,0.06234,16,-16.8578,0,0,callback=0.5%
2026-07-17 04:22:31,TPSL_PLACED,USELESS-USDT-SWAP,SELL,0.06241,1,0,0,0,TP=0.06366 SL=0.06116
2026-07-17 04:23:00,TRAIL_SELL_PLACED,PI-USDT-SWAP,SELL,0.07777,1,0,0,0,reason=LOCK_PROFIT callback=0.3%
2026-07-17 04:26:34,CLOSED,PI-USDT-SWAP,LONG,0.078,1,0,0.0015,1.91,TP
2026-07-17 04:29:41,TRAIL_SELL_PLACED,USELESS-USDT-SWAP,SELL,0.06352,1,0,0,0,reason=LOCK_PROFIT callback=0.3%
2026-07-17 04:29:43,TPSL_PLACED,VANA-USDT-SWAP,SELL,1.205,5,0,0,0,TP=1.229 SL=1.181
2026-07-17 04:33:16,CLOSED,USELESS-USDT-SWAP,LONG,0.06304,0.1,0,0.0006,1.01,TP
2026-07-17 04:33:18,TRAIL_BUY_PLACED,USELESS-USDT-SWAP,BUY,0.06319,15,-17.1496,0,0,callback=0.5%
2026-07-17 04:37:35,TPSL_PLACED,USELESS-USDT-SWAP,SELL,0.063,1,0,0,0,TP=0.06426 SL=0.06174
2026-07-17 04:44:00,CLOSED,EIGEN-USDT-SWAP,LONG,0.2303,1,0,-0.0007,-0.30,SL
2026-07-17 04:46:18,TRAIL_SELL_PLACED,WOO-USDT-SWAP,SELL,0.01191,23,0,0,0,reason=LOCK_PROFIT callback=0.3%
2026-07-17 04:47:36,TPSL_PLACED,EIGEN-USDT-SWAP,SELL,0.231,1,0,0,0,TP=0.2356 SL=0.2264
2026-07-17 04:47:53,CLOSED,GPS-USDT-SWAP,LONG,0.008887,11.3,0,0.0092,0.92,TP
2026-07-17 04:47:55,TRAIL_BUY_PLACED,GPS-USDT-SWAP,BUY,0.008887,112,-8.5700,0,0,callback=0.5%
2026-07-17 04:49:55,CLOSED,WOO-USDT-SWAP,LONG,0.01193,2.3,0,0.0053,1.97,TP
2026-07-17 04:50:59,TPSL_PLACED,BONK-USDT-SWAP,SELL,0.000003298,30,0,0,0,TP=0.00000336 SL=0.00000323
2026-07-17 05:00:20,TPSL_PLACED,SYRUP-USDT-SWAP,SELL,0.1778,2,0,0,0,TP=0.1814 SL=0.1742
2026-07-17 05:02:19,TRAIL_BUY_PLACED,GRASS-USDT-SWAP,BUY,0.372,26,-6.0131,0,0,callback=0.5%
2026-07-17 05:05:57,CLOSED,BLUR-USDT-SWAP,LONG,0.01589,2.3,0,0.0041,1.15,TP
2026-07-17 05:09:34,TPSL_PLACED,BLUR-USDT-SWAP,SELL,0.01571,23,0,0,0,TP=0.01602 SL=0.0154
2026-07-17 05:13:46,TPSL_PLACED,GPS-USDT-SWAP,SELL,0.008892,19,0,0,0,TP=0.00907 SL=0.008714
2026-07-17 05:24:41,CLOSED,HYPE-USDT-SWAP,LONG,59.094,10,0,-1.2560,-2.08,SL
2026-07-17 05:24:43,TRAIL_BUY_PLACED,HYPE-USDT-SWAP,BUY,59.099,1,-11.4317,0,0,callback=0.5%
2026-07-17 05:26:24,CLOSED,USELESS-USDT-SWAP,LONG,0.06193,0.1,0,-0.0011,-1.70,SL
2026-07-17 05:26:26,TRAIL_BUY_PLACED,USELESS-USDT-SWAP,BUY,0.06193,16,-18.8016,0,0,callback=0.5%
2026-07-17 05:26:35,TRAIL_BUY_PLACED,WLD-USDT-SWAP,BUY,0.3793,26,-6.0906,0,0,callback=0.5%
2026-07-17 05:28:27,TRAIL_BUY_PLACED,INJ-USDT-SWAP,BUY,4.852,20,-6.0600,0,0,callback=0.5%
2026-07-17 05:28:31,CLOSED,JTO-USDT-SWAP,LONG,0.5555,17,0,-0.1700,-1.77,SL
2026-07-17 05:28:33,TRAIL_BUY_PLACED,JTO-USDT-SWAP,BUY,0.5553,18,-9.8832,0,0,callback=0.5%
2026-07-17 05:33:39,TPSL_PLACED,USELESS-USDT-SWAP,SELL,0.062034375,16,0,0,0,TP=0.06328 SL=0.06079
2026-07-17 05:35:33,TRAIL_BUY_PLACED,HYPE-USDT-SWAP,BUY,58.88,1,-11.6924,0,0,callback=0.5%
2026-07-17 05:39:09,TRAIL_BUY_PLACED,HYPE-USDT-SWAP,BUY,59.147,1,-11.5308,0,0,callback=0.5%
2026-07-17 16:47:05,TRAIL_BUY_PLACED,NEAR-USDT-SWAP,BUY,1.924,0.5,-6.3291,0,0,callback=0.5%
2026-07-17 16:47:47,TRAIL_BUY_PLACED,BONK-USDT-SWAP,BUY,0.000003193,31,-8.5362,0,0,callback=0.5%
2026-07-17 16:55:34,TRAIL_BUY_PLACED,PYTH-USDT-SWAP,BUY,0.04894,20,-5.0446,0,0,callback=0.5%
2026-07-17 17:02:14,TPSL_PLACED,PYTH-USDT-SWAP,SELL,0.04883,20,0,0,0,TP=0.04981 SL=0.04395
2026-07-17 17:07:26,TPSL_PLACED,NEAR-USDT-SWAP,SELL,1.933,0.5,0,0,0,TP=1.972 SL=1.74
2026-07-17 17:57:45,TRAIL_BUY_PLACED,TIA-USDT-SWAP,BUY,0.3835,26,-5.0272,0,0,callback=0.5%
2026-07-17 18:12:08,TPSL_PLACED,TIA-USDT-SWAP,SELL,0.385,26,0,0,0,TP=0.3927 SL=0.3465
2026-07-17 19:15:10,TRAIL_BUY_PLACED,EIGEN-USDT-SWAP,BUY,0.2316,43,-5.0041,0,0,callback=0.5%
2026-07-17 19:20:58,TRAIL_BUY_PLACED,ZRO-USDT-SWAP,BUY,0.7723,12,-5.0995,0,0,callback=0.5%
2026-07-17 19:28:48,TPSL_PLACED,EIGEN-USDT-SWAP,SELL,0.2323,43,0,0,0,TP=0.2369 SL=0.2091
2026-07-17 19:28:50,TPSL_PLACED,ZRO-USDT-SWAP,SELL,0.7753,12,0,0,0,TP=0.7908 SL=0.6978
2026-07-17 23:42:23,TRAIL_SELL_PLACED,EIGEN-USDT-SWAP,SELL,0.236,43,0,0,0,reason=LOCK_PROFIT callback=0.3%
2026-07-17 23:46:49,CLOSED,EIGEN-USDT-SWAP,LONG,0.2352,43,0,0.1247,1.25,TP
2026-07-17 23:46:51,TRAIL_BUY_PLACED,EIGEN-USDT-SWAP,BUY,0.2352,42,-5.0464,0,0,callback=0.5%
2026-07-18 00:00:12,TPSL_PLACED,EIGEN-USDT-SWAP,SELL,0.2356,42,0,0,0,TP=0.2403 SL=0.212
2026-07-18 00:39:31,TRAIL_SELL_PLACED,PYTH-USDT-SWAP,SELL,0.04963,20,0,0,0,reason=LOCK_PROFIT callback=0.3%
2026-07-18 00:40:43,CLOSED,PYTH-USDT-SWAP,LONG,0.04975,20,0,0.1840,1.88,TP
2026-07-18 00:46:36,TPSL_PLACED,MORPHO-USDT-SWAP,SELL,1.9583,5,0,0,0,TP=1.9975 SL=1.7625
2026-07-18 01:52:55,TRAIL_SELL_PLACED,EIGEN-USDT-SWAP,SELL,0.2395,42,0,0,0,reason=LOCK_PROFIT callback=0.3%
2026-07-18 01:59:36,CLOSED,EIGEN-USDT-SWAP,LONG,0.2384,42,0,0.1176,1.19,TP
2026-07-18 02:31:58,CLOSED,ZRO-USDT-SWAP,LONG,0.7967,12,0,0.2568,2.76,TP
2026-07-18 03:35:42,TRAIL_SELL_PLACED,MORPHO-USDT-SWAP,SELL,1.9886,5,0,0,0,reason=LOCK_PROFIT callback=0.3%
2026-07-18 03:38:03,CLOSED,MORPHO-USDT-SWAP,LONG,1.9841,5,0,0.1290,1.32,TP
2026-07-18 06:15:13,TPSL_PLACED,NEAR-USDT-SWAP,SELL,1.933,0.5,0,0,0,TP=1.972 SL=1.74
2026-07-18 08:54:52,TRAIL_BUY_PLACED,DYDX-USDT-SWAP,BUY,0.12139,82,-5.0008,0,0,callback=0.5%
2026-07-18 09:15:48,TRAIL_BUY_PLACED,ONDO-USDT-SWAP,BUY,0.351,2,-5.0068,0,0,callback=0.5%
2026-07-18 09:17:53,TPSL_PLACED,ONDO-USDT-SWAP,SELL,0.3487,2,0,0,0,TP=0.3557 SL=0.3138
2026-07-18 09:35:43,TPSL_PLACED,DYDX-USDT-SWAP,SELL,0.12083,82,0,0,0,TP=0.12325 SL=0.10875
2026-07-18 11:46:21,TRAIL_BUY_PLACED,LDO-USDT-SWAP,BUY,0.3598,27,-5.0158,0,0,callback=0.5%
2026-07-18 12:07:14,TPSL_PLACED,LDO-USDT-SWAP,SELL,0.362,27,0,0,0,TP=0.3692 SL=0.3258
2026-07-18 12:26:58,TRAIL_BUY_PLACED,WLD-USDT-SWAP,BUY,0.359,27,-5.7743,0,0,callback=0.5%
2026-07-18 12:28:10,TPSL_PLACED,WLD-USDT-SWAP,SELL,0.3588,27,0,0,0,TP=0.366 SL=0.3229
2026-07-18 12:34:06,CLOSED,WLD-USDT-SWAP,LONG,0.3657,27,0,0.1863,1.92,TP
2026-07-18 16:44:37,TRAIL_BUY_PLACED,EIGEN-USDT-SWAP,BUY,0.2226,44,-5.1555,0,0,callback=0.5%
2026-07-18 16:52:56,TPSL_PLACED,EIGEN-USDT-SWAP,SELL,0.2237,44,0,0,0,TP=0.2282 SL=0.2024
2026-07-18 18:05:01,TRAIL_BUY_PLACED,GALA-USDT-SWAP,BUY,0.002044,489,-5.1068,0,0,callback=0.5%
2026-07-18 18:24:14,TPSL_PLACED,GALA-USDT-SWAP,SELL,0.002056,489,0,0,0,TP=0.002097 SL=0.001861
2026-07-18 20:22:12,TPSL_PLACED,NEAR-USDT-SWAP,SELL,1.933,0.5,0,0,0,TP=1.972 SL=1.749
2026-07-18 22:13:35,TRAIL_SELL_PLACED,EIGEN-USDT-SWAP,SELL,0.228,44,0,0,0,reason=LOCK_PROFIT callback=0.1%
2026-07-18 22:14:51,CLOSED,EIGEN-USDT-SWAP,LONG,0.2277,44,0,0.1760,1.79,TP
2026-07-19 01:18:08,TRAIL_BUY_PLACED,CRO-USDT-SWAP,BUY,0.05945,16,-5.3645,0,0,callback=0.5%
2026-07-19 01:22:46,TRAIL_BUY_PLACED,ARB-USDT-SWAP,BUY,0.08765,11.4,-5.1612,0,0,callback=0.5%
2026-07-19 01:46:48,TPSL_PLACED,DYDX-USDT-SWAP,SELL,0.12083,82,0,0,0,TP=0.12325 SL=0.10935
2026-07-19 01:57:09,TPSL_PLACED,ARB-USDT-SWAP,SELL,0.08793,11.4,0,0,0,TP=0.08969 SL=0.07958
2026-07-19 02:10:04,TPSL_PLACED,CRO-USDT-SWAP,SELL,0.0597,3,0,0,0,TP=0.06089 SL=0.05403
2026-07-19 05:57:13,CLOSED,GALA-USDT-SWAP,LONG,0.002101,489,0,0.2200,2.19,TP
2026-07-19 08:26:57,TPSL_PLACED,DYDX-USDT-SWAP,SELL,0.12083,82,0,0,0,TP=0.12566 SL=0.10935
2026-07-19 08:28:18,TPSL_PLACED,CRO-USDT-SWAP,SELL,0.0597,3,0,0,0,TP=0.06209 SL=0.05403
2026-07-19 08:28:22,TPSL_PLACED,DYDX-USDT-SWAP,SELL,0.12083,82,0,0,0,TP=0.12566 SL=0.10935
2026-07-19 08:28:41,TPSL_PLACED,LDO-USDT-SWAP,SELL,0.362,27,0,0,0,TP=0.3765 SL=0.3276
2026-07-19 08:28:47,TPSL_PLACED,NEAR-USDT-SWAP,SELL,1.933,0.5,0,0,0,TP=2.01 SL=1.749
2026-07-19 08:28:50,TPSL_PLACED,ONDO-USDT-SWAP,SELL,0.3487,2,0,0,0,TP=0.3626 SL=0.3156
2026-07-19 08:29:08,TPSL_PLACED,TIA-USDT-SWAP,SELL,0.385,26,0,0,0,TP=0.4004 SL=0.3484
2026-07-19 08:29:28,TPSL_PLACED,ARB-USDT-SWAP,SELL,0.08793,11.4,0,0,0,TP=0.09145 SL=0.07958
2026-07-19 08:29:35,TPSL_PLACED,CRO-USDT-SWAP,SELL,0.0597,3,0,0,0,TP=0.06209 SL=0.05403
2026-07-19 08:29:39,TPSL_PLACED,DYDX-USDT-SWAP,SELL,0.12083,82,0,0,0,TP=0.12566 SL=0.10935
2026-07-19 08:34:55,TRAIL_SELL_PLACED,ONDO-USDT-SWAP,SELL,0.3564,2,0,0,0,reason=LOCK_PROFIT callback=0.1%
2026-07-19 08:36:10,CLOSED,ONDO-USDT-SWAP,LONG,0.3564,2,0,0.1540,2.21,TP
2026-07-19 09:59:20,TRAIL_SELL_PLACED,ARB-USDT-SWAP,SELL,0.08981,11.4,0,0,0,reason=LOCK_PROFIT callback=0.1%
2026-07-19 10:01:51,CLOSED,ARB-USDT-SWAP,LONG,0.08956,11.4,0,0.1858,1.85,TP
2026-07-19 22:54:30,CLOSED,TIA-USDT-SWAP,LONG,0.3591,26,0,-0.6734,-6.73,SL
2026-07-19 22:55:42,TPSL_PLACED,TIA-USDT-SWAP,SELL,0.385,26,0,0,0,TP=0.4004 SL=0.3484
2026-07-20 03:02:36,TRAIL_BUY_PLACED,ZRO-USDT-SWAP,BUY,0.7747,12,-5.1194,0,0,callback=0.5%
2026-07-20 03:08:12,CLOSED,DYDX-USDT-SWAP,LONG,0.12056,82,0,-0.0221,-0.22,SL
2026-07-20 03:09:23,TPSL_PLACED,DYDX-USDT-SWAP,SELL,0.12083,82,0,0,0,TP=0.12566 SL=0.10935
2026-07-20 03:15:50,TPSL_PLACED,ZRO-USDT-SWAP,SELL,0.7752,12,0,0,0,TP=0.8062 SL=0.7016
2026-07-20 05:03:39,TRAIL_BUY_PLACED,ZEC-USDT-SWAP,BUY,529.71,1,-5.2329,0,0,callback=0.5%
2026-07-20 05:14:20,TPSL_PLACED,ZEC-USDT-SWAP,SELL,530.11,1,0,0,0,TP=551.31 SL=479.75
2026-07-20 05:46:03,TRAIL_BUY_PLACED,FIL-USDT-SWAP,BUY,0.7081,141,-5.1059,0,0,callback=0.5%
2026-07-20 05:46:06,TRAIL_BUY_PLACED,GALA-USDT-SWAP,BUY,0.001982,504,-5.1675,0,0,callback=0.5%
2026-07-20 06:17:06,TPSL_PLACED,FIL-USDT-SWAP,SELL,0.7104,141,0,0,0,TP=0.7388 SL=0.6429
2026-07-20 06:30:08,TPSL_PLACED,GALA-USDT-SWAP,SELL,0.001992,383,0,0,0,TP=0.002072 SL=0.001803
2026-07-20 06:34:05,TRAIL_BUY_PLACED,WLD-USDT-SWAP,BUY,0.3575,27,-5.4233,0,0,callback=0.5%
2026-07-20 06:37:27,TPSL_PLACED,WLD-USDT-SWAP,SELL,0.3547,1,0,0,0,TP=0.3689 SL=0.321
2026-07-20 09:53:15,TRAIL_SELL_PLACED,WLD-USDT-SWAP,SELL,0.3624,1,0,0,0,reason=LOCK_PROFIT callback=0.1%
2026-07-20 09:54:24,CLOSED,WLD-USDT-SWAP,LONG,0.3626,1,0,0.0079,2.23,TP
2026-07-20 10:11:13,TRAIL_SELL_PLACED,GALA-USDT-SWAP,SELL,0.002034,383,0,0,0,reason=LOCK_PROFIT callback=0.1%
2026-07-20 10:22:13,CLOSED,GALA-USDT-SWAP,LONG,0.002033,383,0,0.1570,2.06,TP
2026-07-20 12:50:29,TRAIL_SELL_PLACED,NEAR-USDT-SWAP,SELL,1.972,0.5,0,0,0,reason=LOCK_PROFIT callback=0.1%
2026-07-20 12:51:40,CLOSED,NEAR-USDT-SWAP,LONG,1.971,0.5,0,0.1900,1.97,TP
2026-07-20 14:52:59,TRAIL_BUY_PLACED,ENS-USDT-SWAP,BUY,4.362,22,-5.2151,0,0,callback=0.5%
2026-07-20 15:02:24,TPSL_PLACED,ENS-USDT-SWAP,SELL,4.38190909090909,22,0,0,0,TP=4.557 SL=3.966
2026-07-20 15:34:25,TRAIL_SELL_PLACED,FIL-USDT-SWAP,SELL,0.7252,141,0,0,0,reason=LOCK_PROFIT callback=0.1%
2026-07-20 15:35:35,CLOSED,FIL-USDT-SWAP,LONG,0.7246,141,0,0.2002,2.00,TP
2026-07-20 15:45:35,TRAIL_SELL_PLACED,ZEC-USDT-SWAP,SELL,541.19,1,0,0,0,reason=LOCK_PROFIT callback=0.1%
2026-07-20 15:46:43,CLOSED,ZEC-USDT-SWAP,LONG,544.21,1,0,0.1410,2.66,TP
2026-07-20 16:44:13,TRAIL_SELL_PLACED,ZRO-USDT-SWAP,SELL,0.7919,12,0,0,0,reason=LOCK_PROFIT callback=0.1%
2026-07-20 16:45:22,CLOSED,ZRO-USDT-SWAP,LONG,0.7968,12,0,0.2592,2.79,TP
2026-07-20 16:52:57,TRAIL_SELL_PLACED,LDO-USDT-SWAP,SELL,0.3696,27,0,0,0,reason=LOCK_PROFIT callback=0.1%
2026-07-20 16:54:07,CLOSED,LDO-USDT-SWAP,LONG,0.3694,27,0,0.1998,2.04,TP
2026-07-20 20:29:00,TRAIL_SELL_PLACED,ENS-USDT-SWAP,SELL,4.47,22,0,0,0,reason=LOCK_PROFIT callback=0.1%
2026-07-20 20:38:29,CLOSED,ENS-USDT-SWAP,LONG,4.486,22,0,0.2290,2.38,TP
2026-07-21 04:56:09,TRAIL_BUY_PLACED,PYTH-USDT-SWAP,BUY,0.04741,21,-5.0661,0,0,callback=0.5%
2026-07-21 05:10:27,TPSL_PLACED,PYTH-USDT-SWAP,SELL,0.04761,21,0,0,0,TP=0.04951 SL=0.04309
2026-07-21 09:23:16,CLOSED,CRO-USDT-SWAP,LONG,0.058,3,0,-0.0510,-2.85,SL
2026-07-21 09:24:27,TPSL_PLACED,CRO-USDT-SWAP,SELL,0.0597,3,0,0,0,TP=0.06209 SL=0.05403
2026-07-21 16:54:53,CLOSED,PYTH-USDT-SWAP,LONG,0.04761,21,0,0.0000,0,SL
2026-07-22 02:42:57,TRAIL_SELL_PLACED,DYDX-USDT-SWAP,SELL,0.12326,82,0,0,0,reason=LOCK_PROFIT callback=0.1%
2026-07-22 02:44:19,CLOSED,DYDX-USDT-SWAP,LONG,0.12317,82,0,0.1919,1.94,TP
2026-07-22 03:41:10,TRAIL_BUY_PLACED,NEAR-USDT-SWAP,BUY,1.923,0.5,-5.0370,0,0,callback=0.5%
2026-07-22 03:59:04,TRAIL_BUY_PLACED,ZEC-USDT-SWAP,BUY,520.7,1,-5.3806,0,0,callback=0.5%
2026-07-22 04:04:22,TPSL_PLACED,ZEC-USDT-SWAP,SELL,521.03,1,0,0,0,TP=541.87 SL=471.53
2026-07-22 04:06:32,TPSL_PLACED,NEAR-USDT-SWAP,SELL,1.917,0.5,0,0,0,TP=1.994 SL=1.735
2026-07-22 05:14:07,TRAIL_BUY_PLACED,HYPE-USDT-SWAP,BUY,59.713,1,-5.0064,0,0,callback=0.5%
2026-07-22 05:45:30,TPSL_PLACED,HYPE-USDT-SWAP,SELL,59.321,1,0,0,0,TP=61.694 SL=53.686
2026-07-22 11:12:57,TRAIL_SELL_PLACED,PYTH-USDT-SWAP,SELL,0.04858,21,0,0,0,reason=LOCK_PROFIT callback=0.1%
2026-07-22 11:14:53,CLOSED,PYTH-USDT-SWAP,LONG,0.04842,21,0,0.1701,1.70,TP
2026-07-22 15:55:47,TRAIL_BUY_PLACED,MORPHO-USDT-SWAP,BUY,1.8965,5,-6.0441,0,0,callback=0.5%
2026-07-22 15:57:06,TPSL_PLACED,MORPHO-USDT-SWAP,SELL,1.8756,5,0,0,0,TP=1.9506 SL=1.6974
2026-07-22 16:50:13,TRAIL_SELL_PLACED,MORPHO-USDT-SWAP,SELL,1.914,5,0,0,0,reason=LOCK_PROFIT callback=0.1%
2026-07-22 16:51:28,CLOSED,MORPHO-USDT-SWAP,LONG,1.9703,5,0,0.4735,5.05,TP
2026-07-22 17:08:31,TRAIL_BUY_PLACED,MORPHO-USDT-SWAP,BUY,1.9445,5,-5.0259,0,0,callback=0.5%
2026-07-22 17:22:33,TPSL_PLACED,MORPHO-USDT-SWAP,SELL,1.945,5,0,0,0,TP=2.0228 SL=1.7602
2026-07-22 17:49:52,TPSL_PLACED,NEAR-USDT-SWAP,SELL,1.917,0.5,0,0,0,TP=1.994 SL=1.735
2026-07-22 18:58:15,TRAIL_BUY_PLACED,JUP-USDT-SWAP,BUY,0.1888,5,-5.0302,0,0,callback=0.5%
2026-07-22 18:59:38,TPSL_PLACED,JUP-USDT-SWAP,SELL,0.1887,5,0,0,0,TP=0.1962 SL=0.1708
2026-07-22 20:11:09,TRAIL_BUY_PLACED,RAY-USDT-SWAP,BUY,0.6801,14,-5.0670,0,0,callback=0.5%
2026-07-22 20:41:35,TPSL_PLACED,RAY-USDT-SWAP,SELL,0.6772,14,0,0,0,TP=0.7043 SL=0.6129
2026-07-22 21:14:47,TPSL_PLACED,NEAR-USDT-SWAP,SELL,1.917,0.5,0,0,0,TP=1.994 SL=1.735
2026-07-23 00:35:34,TRAIL_SELL_PLACED,JUP-USDT-SWAP,SELL,0.1927,5,0,0,0,reason=LOCK_PROFIT callback=0.1%
2026-07-23 00:39:24,CLOSED,JUP-USDT-SWAP,LONG,0.1925,5,0,0.1900,2.01,TP
2026-07-23 01:33:43,TRAIL_BUY_PLACED,JUP-USDT-SWAP,BUY,0.1903,5,-5.1346,0,0,callback=0.5%
2026-07-23 02:27:18,TRAIL_BUY_PLACED,INJ-USDT-SWAP,BUY,5.089,19,-5.0205,0,0,callback=0.5%
2026-07-23 02:33:25,TPSL_PLACED,JUP-USDT-SWAP,SELL,0.1898,5,0,0,0,TP=0.1974 SL=0.1718
2026-07-23 03:34:19,TPSL_PLACED,INJ-USDT-SWAP,SELL,5.109,19,0,0,0,TP=5.313 SL=4.624
2026-07-23 04:30:58,TRAIL_SELL_PLACED,MORPHO-USDT-SWAP,SELL,1.9851,5,0,0,0,reason=LOCK_PROFIT callback=0.1%
2026-07-23 04:32:12,CLOSED,MORPHO-USDT-SWAP,LONG,1.9799,5,0,0.1745,1.79,TP
2026-07-23 07:22:20,TRAIL_BUY_PLACED,FIL-USDT-SWAP,BUY,0.7288,137,-5.0671,0,0,callback=0.5%
2026-07-23 07:47:55,TPSL_PLACED,FIL-USDT-SWAP,SELL,0.7324,137,0,0,0,TP=0.7617 SL=0.6628
2026-07-23 11:05:42,TPSL_PLACED,TIA-USDT-SWAP,SELL,0.385,26,0,0,0,TP=0.4004 SL=0.3484
2026-07-23 11:06:15,TRAIL_BUY_PLACED,ETHFI-USDT-SWAP,BUY,0.4539,22,-5.1212,0,0,callback=0.5%
2026-07-23 11:12:11,TRAIL_SELL_PLACED,JUP-USDT-SWAP,SELL,0.1937,5,0,0,0,reason=LOCK_PROFIT callback=0.1%
2026-07-23 11:20:04,TPSL_PLACED,ETHFI-USDT-SWAP,SELL,0.4562,22,0,0,0,TP=0.4744 SL=0.4129
2026-07-23 11:21:50,TPSL_PLACED,TIA-USDT-SWAP,SELL,0.385,26,0,0,0,TP=0.4004 SL=0.3484
2026-07-23 11:23:44,CLOSED,JUP-USDT-SWAP,LONG,0.1942,5,0,0.2200,2.32,TP
2026-07-23 14:55:01,CLOSED,TIA-USDT-SWAP,LONG,0.3505,26,0,-0.8970,-8.96,SL
2026-07-23 15:08:45,TRAIL_BUY_PLACED,ARB-USDT-SWAP,BUY,0.08603,11.6,-5.3054,0,0,callback=0.5%
2026-07-23 15:12:02,TRAIL_BUY_PLACED,DOGE-USDT-SWAP,BUY,0.06876,0.14,-5.7695,0,0,callback=0.5%
2026-07-23 15:12:13,TRAIL_BUY_PLACED,GALA-USDT-SWAP,BUY,0.001971,507,-5.1948,0,0,callback=0.5%
2026-07-23 15:14:08,TRAIL_BUY_PLACED,XLM-USDT-SWAP,BUY,0.18051,0.5,-5.0996,0,0,callback=0.5%
2026-07-23 15:18:05,TPSL_PLACED,DOGE-USDT-SWAP,SELL,0.06908,0.14,0,0,0,TP=0.07184 SL=0.06252
2026-07-23 15:19:28,TPSL_PLACED,GALA-USDT-SWAP,SELL,0.001979,507,0,0,0,TP=0.002058 SL=0.001791
2026-07-23 15:20:22,TPSL_PLACED,ARB-USDT-SWAP,SELL,0.08597,6.4,0,0,0,TP=0.08941 SL=0.0778
2026-07-23 15:41:22,TRAIL_BUY_PLACED,EIGEN-USDT-SWAP,BUY,0.2279,43,-5.0812,0,0,callback=0.5%
2026-07-23 15:46:06,TRAIL_BUY_PLACED,ADA-USDT-SWAP,BUY,0.1698,0.5,-5.1397,0,0,callback=0.5%
2026-07-23 15:50:01,TPSL_PLACED,EIGEN-USDT-SWAP,SELL,0.2284,3,0,0,0,TP=0.2375 SL=0.2067
2026-07-23 16:20:57,TRAIL_BUY_PLACED,ADA-USDT-SWAP,BUY,0.1696,0.5,-5.0392,0,0,callback=0.5%
2026-07-23 16:47:52,TRAIL_BUY_PLACED,WLD-USDT-SWAP,BUY,0.3756,26,-5.2950,0,0,callback=0.5%
2026-07-23 17:02:32,TRAIL_BUY_PLACED,OP-USDT-SWAP,BUY,0.09396,106,-5.0045,0,0,callback=0.5%
2026-07-23 17:03:54,TRAIL_BUY_PLACED,SAND-USDT-SWAP,BUY,0.04601,21,-5.0753,0,0,callback=0.5%
2026-07-23 17:27:31,TRAIL_BUY_PLACED,WLD-USDT-SWAP,BUY,0.3774,26,-5.2235,0,0,callback=0.5%
2026-07-23 17:36:34,TRAIL_BUY_PLACED,ADA-USDT-SWAP,BUY,0.1695,0.5,-5.0952,0,0,callback=0.5%
2026-07-23 17:58:50,TRAIL_BUY_PLACED,WIF-USDT-SWAP,BUY,0.1458,68,-5.8140,0,0,callback=0.5%
2026-07-23 18:00:06,TRAIL_BUY_PLACED,WLD-USDT-SWAP,BUY,0.3748,26,-6.1827,0,0,callback=0.5%
2026-07-23 18:05:05,TRAIL_BUY_PLACED,WLD-USDT-SWAP,BUY,0.3751,26,-6.1546,0,0,callback=0.5%
2026-07-23 18:05:22,TRAIL_BUY_PLACED,AVAX-USDT-SWAP,BUY,6.247,1.6,-5.6772,0,0,callback=0.5%
2026-07-23 18:09:08,TRAIL_BUY_PLACED,OP-USDT-SWAP,BUY,0.09299,107,-5.1606,0,0,callback=0.5%
2026-07-23 18:09:28,TPSL_PLACED,WIF-USDT-SWAP,SELL,0.1447,1,0,0,0,TP=0.1505 SL=0.131
2026-07-23 18:12:15,TRAIL_BUY_PLACED,AVAX-USDT-SWAP,BUY,6.207,1.6,-6.0684,0,0,callback=0.5%
2026-07-23 18:13:14,TRAIL_BUY_PLACED,WLD-USDT-SWAP,BUY,0.3766,26,-5.2102,0,0,callback=0.5%
2026-07-23 18:22:10,TRAIL_BUY_PLACED,BCH-USDT-SWAP,BUY,208.6,0.4,-5.0523,0,0,callback=0.5%
2026-07-23 18:24:38,TRAIL_BUY_PLACED,AVAX-USDT-SWAP,BUY,6.243,1.6,-5.5665,0,0,callback=0.5%
2026-07-23 18:50:05,TRAIL_BUY_PLACED,AVAX-USDT-SWAP,BUY,6.248,1.6,-5.3763,0,0,callback=0.5%
2026-07-23 18:54:48,TRAIL_BUY_PLACED,OP-USDT-SWAP,BUY,0.09314,107,-5.2974,0,0,callback=0.5%
2026-07-23 19:08:59,TRAIL_BUY_PLACED,SAND-USDT-SWAP,BUY,0.04551,21,-5.1875,0,0,callback=0.5%
2026-07-23 19:42:12,TRAIL_BUY_PLACED,AVAX-USDT-SWAP,BUY,6.26,1.5,-5.0508,0,0,callback=0.5%
2026-07-23 20:00:09,TRAIL_BUY_PLACED,OP-USDT-SWAP,BUY,0.09283,107,-5.4781,0,0,callback=0.5%
2026-07-23 20:02:44,TRAIL_BUY_PLACED,OP-USDT-SWAP,BUY,0.09308,107,-5.0592,0,0,callback=0.5%
2026-07-23 20:07:17,TPSL_PLACED,NEAR-USDT-SWAP,SELL,1.917,0.5,0,0,0,TP=1.994 SL=1.735
2026-07-23 20:27:07,TPSL_PLACED,CRO-USDT-SWAP,SELL,0.0597,3,0,0,0,TP=0.06209 SL=0.05403
2026-07-23 20:27:08,CLOSED,DOGE-USDT-SWAP,LONG,0.06908,0.14,0,0.0000,0,SL
2026-07-23 20:27:08,CLOSED,EIGEN-USDT-SWAP,LONG,0.2284,3,0,0.0000,0,SL
2026-07-23 20:27:08,CLOSED,ETHFI-USDT-SWAP,LONG,0.4562,22,0,0.0000,0,SL
2026-07-23 20:27:08,CLOSED,FIL-USDT-SWAP,LONG,0.7324,137,0,0.0000,0,SL
2026-07-23 20:27:08,CLOSED,GALA-USDT-SWAP,LONG,0.001979,507,0,0.0000,0,SL
2026-07-23 20:27:08,CLOSED,HYPE-USDT-SWAP,LONG,59.321,1,0,0.0000,0,SL
2026-07-23 20:27:09,CLOSED,INJ-USDT-SWAP,LONG,5.109,19,0,0.0000,0,SL
2026-07-23 20:27:09,CLOSED,NEAR-USDT-SWAP,LONG,1.917,0.5,0,0.0000,0,SL
2026-07-23 20:27:10,CLOSED,RAY-USDT-SWAP,LONG,0.6772,14,0,0.0000,0,SL
2026-07-23 20:27:11,CLOSED,WIF-USDT-SWAP,LONG,0.1447,1,0,0.0000,0,SL
2026-07-23 20:27:12,CLOSED,ZEC-USDT-SWAP,LONG,521.03,1,0,0.0000,0,SL
2026-07-23 20:42:30,TRAIL_BUY_PLACED,AVAX-USDT-SWAP,BUY,6.307,1.5,-5.0151,0,0,callback=0.5%
2026-07-23 20:52:01,CLOSED,ETHFI-USDT-SWAP,LONG,0.4562,22,0,0.0000,0,SL
2026-07-23 20:54:10,TPSL_PLACED,ETHFI-USDT-SWAP,SELL,0.4562,22,0,0,0,TP=0.4744 SL=0.4129
2026-07-23 20:59:29,TRAIL_BUY_PLACED,OP-USDT-SWAP,BUY,0.09319,107,-5.0632,0,0,callback=0.5%
2026-07-23 21:01:20,TPSL_PLACED,GALA-USDT-SWAP,SELL,0.001979,507,0,0,0,TP=0.002058 SL=0.001791
2026-07-23 21:58:25,TRAIL_BUY_PLACED,PYTH-USDT-SWAP,BUY,0.04563,21,-5.0759,0,0,callback=0.5%
2026-07-23 22:09:06,TRAIL_BUY_PLACED,PYTH-USDT-SWAP,BUY,0.04576,21,-5.1606,0,0,callback=0.5%
2026-07-23 22:13:02,TRAIL_BUY_PLACED,STRK-USDT-SWAP,BUY,0.02868,348,-5.2214,0,0,callback=0.5%
2026-07-23 22:21:48,TRAIL_BUY_PLACED,OP-USDT-SWAP,BUY,0.09238,108,-5.4839,0,0,callback=0.5%
2026-07-23 22:31:22,CLOSED,ARB-USDT-SWAP,LONG,0.08647,6.4,0,0.0320,0.58,TP
2026-07-23 22:32:39,TPSL_PLACED,ARB-USDT-SWAP,SELL,0.08597,6.4,0,0,0,TP=0.08941 SL=0.0778
2026-07-23 22:35:58,TPSL_PLACED,STRK-USDT-SWAP,SELL,0.02875,2,0,0,0,TP=0.0299 SL=0.02602
2026-07-23 23:35:01,TRAIL_BUY_PLACED,PYTH-USDT-SWAP,BUY,0.04588,21,-5.1282,0,0,callback=0.5%
2026-07-23 23:48:11,TRAIL_BUY_PLACED,AVAX-USDT-SWAP,BUY,6.275,1.5,-5.0968,0,0,callback=0.5%
2026-07-24 00:05:46,TRAIL_BUY_PLACED,OP-USDT-SWAP,BUY,0.09206,108,-5.0536,0,0,callback=0.5%
2026-07-24 00:11:49,TRAIL_SELL_PLACED,INJ-USDT-SWAP,SELL,5.22,19,0,0,0,reason=LOCK_PROFIT callback=0.1%
2026-07-24 00:13:04,CLOSED,INJ-USDT-SWAP,LONG,5.215,19,0,0.2014,2.07,TP
2026-07-24 00:14:35,TPSL_PLACED,PYTH-USDT-SWAP,SELL,0.04596,21,0,0,0,TP=0.0478 SL=0.04159
2026-07-24 00:18:56,TPSL_PLACED,AVAX-USDT-SWAP,SELL,6.263,0.3,0,0,0,TP=6.514 SL=5.668
2026-07-24 00:24:34,TPSL_PLACED,OP-USDT-SWAP,SELL,0.09247,1,0,0,0,TP=0.09617 SL=0.08369
2026-07-24 00:33:28,TRAIL_BUY_PLACED,SAND-USDT-SWAP,BUY,0.04558,21,-5.1997,0,0,callback=0.5%
2026-07-24 00:33:38,TRAIL_BUY_PLACED,TIA-USDT-SWAP,BUY,0.3449,28,-5.4032,0,0,callback=0.5%
2026-07-24 00:42:27,TRAIL_BUY_PLACED,TIA-USDT-SWAP,BUY,0.3464,28,-5.0178,0,0,callback=0.5%
2026-07-24 00:51:27,TRAIL_BUY_PLACED,ADA-USDT-SWAP,BUY,0.167,0.5,-5.0057,0,0,callback=0.5%
2026-07-24 02:35:59,CLOSED,EIGEN-USDT-SWAP,LONG,0.2101,3,0,-0.0549,-8.01,SL
2026-07-24 02:40:17,TRAIL_BUY_PLACED,SAND-USDT-SWAP,BUY,0.04575,21,-5.0042,0,0,callback=0.5%
2026-07-24 03:01:17,TRAIL_BUY_PLACED,STX-USDT-SWAP,BUY,0.1473,6.7,-12.0072,0,0,callback=0.5%
2026-07-24 03:02:32,TRAIL_BUY_PLACED,STX-USDT-SWAP,BUY,0.1471,6.7,-12.0741,0,0,callback=0.5%
2026-07-24 03:03:47,TRAIL_BUY_PLACED,STX-USDT-SWAP,BUY,0.1514,6.6,-9.4498,0,0,callback=0.5%
2026-07-24 03:05:03,TRAIL_BUY_PLACED,STX-USDT-SWAP,BUY,0.1509,6.6,-9.5866,0,0,callback=0.5%
2026-07-24 03:06:18,TRAIL_BUY_PLACED,STX-USDT-SWAP,BUY,0.1506,6.6,-9.8204,0,0,callback=0.5%
2026-07-24 03:07:34,TRAIL_BUY_PLACED,STX-USDT-SWAP,BUY,0.1491,6.7,-10.7720,0,0,callback=0.5%
2026-07-24 03:08:50,TRAIL_BUY_PLACED,STX-USDT-SWAP,BUY,0.1484,6.7,-11.1377,0,0,callback=0.5%
2026-07-24 03:10:04,TRAIL_BUY_PLACED,STX-USDT-SWAP,BUY,0.1495,6.6,-10.4790,0,0,callback=0.5%
2026-07-24 03:13:49,TRAIL_BUY_PLACED,STX-USDT-SWAP,BUY,0.15,6.6,-10.1258,0,0,callback=0.5%
2026-07-24 03:15:04,TRAIL_BUY_PLACED,STX-USDT-SWAP,BUY,0.1506,6.6,-9.7122,0,0,callback=0.5%
2026-07-24 03:17:33,TRAIL_BUY_PLACED,STX-USDT-SWAP,BUY,0.15,6.6,-10.0719,0,0,callback=0.5%
2026-07-24 03:20:06,TRAIL_BUY_PLACED,STX-USDT-SWAP,BUY,0.1485,6.7,-10.9712,0,0,callback=0.5%
2026-07-24 03:21:21,TRAIL_BUY_PLACED,STX-USDT-SWAP,BUY,0.1491,6.7,-10.6115,0,0,callback=0.5%
2026-07-24 03:22:36,TRAIL_BUY_PLACED,STX-USDT-SWAP,BUY,0.1499,6.6,-10.1319,0,0,callback=0.5%
2026-07-24 03:26:20,TRAIL_BUY_PLACED,STX-USDT-SWAP,BUY,0.1491,6.7,-10.5042,0,0,callback=0.5%
2026-07-24 03:32:35,TRAIL_BUY_PLACED,STX-USDT-SWAP,BUY,0.149,6.7,-10.8852,0,0,callback=0.5%
2026-07-24 03:36:57,TRAIL_BUY_PLACED,EIGEN-USDT-SWAP,BUY,0.2138,46,-7.8845,0,0,callback=0.5%
2026-07-24 03:38:52,TRAIL_BUY_PLACED,STX-USDT-SWAP,BUY,0.1462,6.8,-12.6121,0,0,callback=0.5%
2026-07-24 03:40:09,TRAIL_BUY_PLACED,STX-USDT-SWAP,BUY,0.1466,6.8,-12.3206,0,0,callback=0.5%
2026-07-24 03:41:25,TRAIL_BUY_PLACED,STX-USDT-SWAP,BUY,0.1472,6.7,-11.9090,0,0,callback=0.5%
2026-07-24 03:42:40,TRAIL_BUY_PLACED,STX-USDT-SWAP,BUY,0.1474,6.7,-11.7893,0,0,callback=0.5%
2026-07-24 03:43:17,TRAIL_BUY_PLACED,EIGEN-USDT-SWAP,BUY,0.2143,46,-7.6293,0,0,callback=0.5%
2026-07-24 03:45:11,TRAIL_BUY_PLACED,STX-USDT-SWAP,BUY,0.1465,6.8,-12.4328,0,0,callback=0.5%
2026-07-24 03:46:27,TRAIL_BUY_PLACED,STX-USDT-SWAP,BUY,0.1469,6.8,-12.1937,0,0,callback=0.5%
2026-07-24 03:47:42,TRAIL_BUY_PLACED,STX-USDT-SWAP,BUY,0.147,6.8,-12.0813,0,0,callback=0.5%
2026-07-24 03:50:11,TRAIL_BUY_PLACED,STX-USDT-SWAP,BUY,0.1477,6.7,-11.5569,0,0,callback=0.5%
2026-07-24 03:58:05,TRAIL_BUY_PLACED,EIGEN-USDT-SWAP,BUY,0.2147,46,-7.4968,0,0,callback=0.5%
2026-07-24 03:58:44,TRAIL_BUY_PLACED,STX-USDT-SWAP,BUY,0.1478,6.7,-11.4970,0,0,callback=0.5%
2026-07-24 04:01:54,TRAIL_BUY_PLACED,STX-USDT-SWAP,BUY,0.1461,6.8,-12.1995,0,0,callback=0.5%
2026-07-24 04:03:08,TRAIL_BUY_PLACED,STX-USDT-SWAP,BUY,0.1471,6.7,-11.7576,0,0,callback=0.5%
2026-07-24 04:09:14,TRAIL_BUY_PLACED,STX-USDT-SWAP,BUY,0.1461,6.8,-12.4101,0,0,callback=0.5%
2026-07-24 04:10:28,TRAIL_BUY_PLACED,STX-USDT-SWAP,BUY,0.1466,6.8,-12.1103,0,0,callback=0.5%
2026-07-24 04:19:40,TRAIL_BUY_PLACED,STX-USDT-SWAP,BUY,0.1459,6.8,-12.5824,0,0,callback=0.5%
2026-07-24 04:22:08,TRAIL_BUY_PLACED,STX-USDT-SWAP,BUY,0.1463,6.8,-12.4476,0,0,callback=0.5%
2026-07-24 04:23:54,TRAIL_BUY_PLACED,EIGEN-USDT-SWAP,BUY,0.2152,46,-7.4807,0,0,callback=0.5%
2026-07-24 04:24:23,TRAIL_SELL_PLACED,OP-USDT-SWAP,SELL,0.09432,1,0,0,0,reason=LOCK_PROFIT callback=0.1%
2026-07-24 04:27:00,TRAIL_BUY_PLACED,STX-USDT-SWAP,BUY,0.1467,6.8,-12.2083,0,0,callback=0.5%
2026-07-24 04:29:13,CLOSED,OP-USDT-SWAP,LONG,0.09424,1,0,0.0018,1.91,TP
2026-07-24 04:30:38,TRAIL_BUY_PLACED,STX-USDT-SWAP,BUY,0.1473,6.7,-11.7964,0,0,callback=0.5%
2026-07-24 04:33:04,TRAIL_BUY_PLACED,STX-USDT-SWAP,BUY,0.1477,6.7,-11.5039,0,0,callback=0.5%
2026-07-24 04:34:53,TRAIL_BUY_PLACED,EIGEN-USDT-SWAP,BUY,0.2161,46,-7.2930,0,0,callback=0.5%
2026-07-24 04:39:12,TRAIL_BUY_PLACED,STX-USDT-SWAP,BUY,0.1469,6.8,-11.8247,0,0,callback=0.5%
2026-07-24 04:51:09,TRAIL_BUY_PLACED,STX-USDT-SWAP,BUY,0.1458,6.8,-12.3798,0,0,callback=0.5%
2026-07-24 04:59:37,TRAIL_BUY_PLACED,EIGEN-USDT-SWAP,BUY,0.2163,46,-7.1275,0,0,callback=0.5%
2026-07-24 05:03:39,TRAIL_BUY_PLACED,STX-USDT-SWAP,BUY,0.1441,6.9,-13.4535,0,0,callback=0.5%
2026-07-24 05:05:57,TRAIL_BUY_PLACED,STX-USDT-SWAP,BUY,0.1444,6.9,-13.2212,0,0,callback=0.5%
2026-07-24 05:06:31,TRAIL_BUY_PLACED,EIGEN-USDT-SWAP,BUY,0.2176,45,-6.4086,0,0,callback=0.5%
2026-07-24 05:08:16,TRAIL_BUY_PLACED,STX-USDT-SWAP,BUY,0.1449,6.9,-13.0252,0,0,callback=0.5%
2026-07-24 05:10:32,TRAIL_BUY_PLACED,STX-USDT-SWAP,BUY,0.1455,6.8,-12.7698,0,0,callback=0.5%
2026-07-24 05:12:47,TRAIL_BUY_PLACED,STX-USDT-SWAP,BUY,0.1447,6.9,-13.2494,0,0,callback=0.5%
2026-07-24 05:20:53,TRAIL_BUY_PLACED,EIGEN-USDT-SWAP,BUY,0.2173,46,-6.5778,0,0,callback=0.5%
2026-07-24 05:22:02,TRAIL_BUY_PLACED,EIGEN-USDT-SWAP,BUY,0.2182,45,-6.0697,0,0,callback=0.5%
2026-07-24 05:22:39,TRAIL_BUY_PLACED,STX-USDT-SWAP,BUY,0.1446,6.9,-13.2573,0,0,callback=0.5%
2026-07-24 05:26:54,TRAIL_BUY_PLACED,STX-USDT-SWAP,BUY,0.1443,6.9,-13.5928,0,0,callback=0.5%
2026-07-24 05:36:05,TRAIL_BUY_PLACED,STX-USDT-SWAP,BUY,0.1425,7,-14.6707,0,0,callback=0.5%
2026-07-24 05:37:13,TRAIL_BUY_PLACED,STX-USDT-SWAP,BUY,0.1425,7,-14.6707,0,0,callback=0.5%
2026-07-24 05:40:38,TRAIL_BUY_PLACED,STX-USDT-SWAP,BUY,0.1435,6.9,-14.0204,0,0,callback=0.5%
2026-07-24 05:57:36,TRAIL_BUY_PLACED,STX-USDT-SWAP,BUY,0.1439,6.9,-13.6773,0,0,callback=0.5%
2026-07-24 06:00:25,TRAIL_BUY_PLACED,EIGEN-USDT-SWAP,BUY,0.2181,45,-6.2339,0,0,callback=0.5%
2026-07-24 06:09:02,TRAIL_BUY_PLACED,EIGEN-USDT-SWAP,BUY,0.2186,45,-5.7759,0,0,callback=0.5%
2026-07-24 06:10:45,TRAIL_BUY_PLACED,STX-USDT-SWAP,BUY,0.1438,6.9,-13.5817,0,0,callback=0.5%
2026-07-24 06:14:17,TPSL_PLACED,WIF-USDT-SWAP,SELL,0.1447,1,0,0,0,TP=0.1505 SL=0.131
2026-07-24 06:14:34,TPSL_PLACED,ARB-USDT-SWAP,SELL,0.08597,6.4,0,0,0,TP=0.08941 SL=0.0778
2026-07-24 06:14:37,TPSL_PLACED,AVAX-USDT-SWAP,SELL,6.263,0.3,0,0,0,TP=6.514 SL=5.668
2026-07-24 06:14:41,TPSL_PLACED,CRO-USDT-SWAP,SELL,0.0597,3,0,0,0,TP=0.06209 SL=0.05403
2026-07-24 06:14:45,TPSL_PLACED,DOGE-USDT-SWAP,SELL,0.06908,0.14,0,0,0,TP=0.07184 SL=0.06252
2026-07-24 06:14:48,TRAIL_BUY_PLACED,EIGEN-USDT-SWAP,BUY,0.2175,45,-6.2904,0,0,callback=0.5%
2026-07-24 06:14:52,TPSL_PLACED,ETHFI-USDT-SWAP,SELL,0.4562,22,0,0,0,TP=0.4744 SL=0.4129
2026-07-24 06:14:54,TPSL_PLACED,FIL-USDT-SWAP,SELL,0.7324,137,0,0,0,TP=0.7617 SL=0.6628
2026-07-24 06:14:57,TPSL_PLACED,GALA-USDT-SWAP,SELL,0.001979,507,0,0,0,TP=0.002058 SL=0.001791
2026-07-24 06:15:02,TPSL_PLACED,HYPE-USDT-SWAP,SELL,59.321,1,0,0,0,TP=61.694 SL=53.686
2026-07-24 06:15:13,TPSL_PLACED,NEAR-USDT-SWAP,SELL,1.917,0.5,0,0,0,TP=1.994 SL=1.735
2026-07-24 06:15:20,TPSL_PLACED,PYTH-USDT-SWAP,SELL,0.04596,21,0,0,0,TP=0.0478 SL=0.04159
2026-07-24 06:15:21,TPSL_PLACED,RAY-USDT-SWAP,SELL,0.6772,14,0,0,0,TP=0.7043 SL=0.6129
2026-07-24 06:15:28,TPSL_PLACED,STRK-USDT-SWAP,SELL,0.02875,2,0,0,0,TP=0.0299 SL=0.02602
2026-07-24 06:15:30,TRAIL_BUY_PLACED,STX-USDT-SWAP,BUY,0.1449,6.9,-12.9207,0,0,callback=0.5%
2026-07-24 06:15:38,TPSL_PLACED,WIF-USDT-SWAP,SELL,0.1447,1,0,0,0,TP=0.1505 SL=0.131
2026-07-24 06:15:44,TPSL_PLACED,ZEC-USDT-SWAP,SELL,521.03,1,0,0,0,TP=541.87 SL=471.53
2026-07-24 06:17:51,TRAIL_BUY_PLACED,STX-USDT-SWAP,BUY,0.1447,6.9,-13.0931,0,0,callback=0.5%
2026-07-24 06:20:10,TRAIL_BUY_PLACED,STX-USDT-SWAP,BUY,0.1469,6.8,-11.8776,0,0,callback=0.5%
2026-07-24 06:20:44,TRAIL_BUY_PLACED,EIGEN-USDT-SWAP,BUY,0.2187,45,-5.7734,0,0,callback=0.5%
2026-07-24 06:25:50,TRAIL_BUY_PLACED,STX-USDT-SWAP,BUY,0.1468,6.8,-11.7788,0,0,callback=0.5%
2026-07-24 06:33:12,TRAIL_BUY_PLACED,EIGEN-USDT-SWAP,BUY,0.2194,45,-5.3086,0,0,callback=0.5%
2026-07-24 06:35:56,TRAIL_SELL_PLACED,PYTH-USDT-SWAP,SELL,0.0469,21,0,0,0,reason=LOCK_PROFIT callback=0.1%
2026-07-24 06:42:43,CLOSED,PYTH-USDT-SWAP,LONG,0.04686,21,0,0.1890,1.96,TP
2026-07-24 06:54:30,TRAIL_BUY_PLACED,SAND-USDT-SWAP,BUY,0.04558,21,-5.1010,0,0,callback=0.5%
2026-07-24 07:02:41,TPSL_PLACED,STX-USDT-SWAP,SELL,0.1449,6.8,0,0,0,TP=0.1507 SL=0.1311
2026-07-24 07:04:26,TPSL_PLACED,EIGEN-USDT-SWAP,SELL,0.2185,7,0,0,0,TP=0.2272 SL=0.1977
2026-07-24 08:08:38,TRAIL_BUY_PLACED,SAND-USDT-SWAP,BUY,0.04547,21,-5.1127,0,0,callback=0.5%
2026-07-24 08:57:05,TRAIL_BUY_PLACED,HBAR-USDT-SWAP,BUY,0.07068,1.4,-5.0128,0,0,callback=0.5%
2026-07-24 09:06:57,TRAIL_BUY_PLACED,SAND-USDT-SWAP,BUY,0.04546,21,-5.1138,0,0,callback=0.5%
2026-07-24 09:14:13,TRAIL_BUY_PLACED,SUI-USDT-SWAP,BUY,0.7342,13,-5.0317,0,0,callback=0.5%
2026-07-24 09:24:52,TRAIL_BUY_PLACED,SAND-USDT-SWAP,BUY,0.04529,22,-5.4883,0,0,callback=0.5%
2026-07-24 09:42:32,TPSL_PLACED,WIF-USDT-SWAP,SELL,0.1447,1,0,0,0,TP=0.1505 SL=0.131
2026-07-24 10:44:08,TRAIL_BUY_PLACED,SUI-USDT-SWAP,BUY,0.7323,13,-5.0071,0,0,callback=0.5%
2026-07-24 11:15:21,TRAIL_BUY_PLACED,ADA-USDT-SWAP,BUY,0.1661,0.6,-5.0857,0,0,callback=0.5%
2026-07-24 11:37:52,TPSL_PLACED,GALA-USDT-SWAP,SELL,0.001979,507,0,0,0,TP=0.002058 SL=0.001791
2026-07-24 11:37:57,TPSL_PLACED,HYPE-USDT-SWAP,SELL,59.321,1,0,0,0,TP=61.694 SL=53.686
2026-07-24 11:38:09,TPSL_PLACED,NEAR-USDT-SWAP,SELL,1.917,0.5,0,0,0,TP=1.994 SL=1.735
2026-07-24 11:38:17,TPSL_PLACED,RAY-USDT-SWAP,SELL,0.6772,14,0,0,0,TP=0.7043 SL=0.6129
2026-07-24 11:38:21,TRAIL_BUY_PLACED,SAND-USDT-SWAP,BUY,0.04494,22,-5.4293,0,0,callback=0.5%
2026-07-24 11:38:25,TPSL_PLACED,STRK-USDT-SWAP,SELL,0.02875,2,0,0,0,TP=0.0299 SL=0.02602
2026-07-24 11:38:27,TPSL_PLACED,STX-USDT-SWAP,SELL,0.1449,6.8,0,0,0,TP=0.1507 SL=0.1311
2026-07-24 11:38:35,TPSL_PLACED,WIF-USDT-SWAP,SELL,0.1447,1,0,0,0,TP=0.1505 SL=0.131
2026-07-24 11:38:41,TPSL_PLACED,ZEC-USDT-SWAP,SELL,521.03,1,0,0,0,TP=541.87 SL=471.53
2026-07-24 11:38:52,TPSL_PLACED,ARB-USDT-SWAP,SELL,0.08597,6.4,0,0,0,TP=0.08941 SL=0.0778
2026-07-24 11:38:55,TPSL_PLACED,AVAX-USDT-SWAP,SELL,6.263,0.3,0,0,0,TP=6.514 SL=5.668
2026-07-24 11:39:00,TPSL_PLACED,CRO-USDT-SWAP,SELL,0.0597,3,0,0,0,TP=0.06209 SL=0.05403
2026-07-24 11:39:03,TPSL_PLACED,DOGE-USDT-SWAP,SELL,0.06908,0.14,0,0,0,TP=0.07184 SL=0.06252
2026-07-24 11:39:06,TPSL_PLACED,EIGEN-USDT-SWAP,SELL,0.2185,7,0,0,0,TP=0.2272 SL=0.1977
2026-07-24 11:39:11,TPSL_PLACED,ETHFI-USDT-SWAP,SELL,0.4562,22,0,0,0,TP=0.4744 SL=0.4129
2026-07-24 11:39:13,TPSL_PLACED,FIL-USDT-SWAP,SELL,0.7324,137,0,0,0,TP=0.7617 SL=0.6628
2026-07-24 12:18:00,TRAIL_BUY_PLACED,ADA-USDT-SWAP,BUY,0.1663,0.6,-5.0257,0,0,callback=0.5%
2026-07-24 12:18:49,TRAIL_BUY_PLACED,SAND-USDT-SWAP,BUY,0.04504,22,-5.2787,0,0,callback=0.5%
2026-07-24 12:43:47,CLOSED,RAY-USDT-SWAP,LONG,0.622,14,0,-0.7728,-8.15,SL
2026-07-24 13:07:32,TRAIL_BUY_PLACED,SUI-USDT-SWAP,BUY,0.7198,13,-5.0646,0,0,callback=0.5%
2026-07-24 13:08:02,TRAIL_BUY_PLACED,CRV-USDT-SWAP,BUY,0.2009,49,-5.0567,0,0,callback=0.5%
2026-07-24 13:09:56,TRAIL_BUY_PLACED,SAND-USDT-SWAP,BUY,0.0444,22,-5.6323,0,0,callback=0.5%
2026-07-24 13:33:30,TRAIL_BUY_PLACED,SAND-USDT-SWAP,BUY,0.04424,22,-5.9124,0,0,callback=0.5%
2026-07-24 13:42:07,TRAIL_BUY_PLACED,ONDO-USDT-SWAP,BUY,0.3865,2,-5.2928,0,0,callback=0.5%
2026-07-24 13:46:00,TRAIL_BUY_PLACED,SAND-USDT-SWAP,BUY,0.04444,22,-5.2856,0,0,callback=0.5%
2026-07-24 13:54:17,TRAIL_BUY_PLACED,CRV-USDT-SWAP,BUY,0.201,49,-5.1439,0,0,callback=0.5%
2026-07-24 13:54:48,TRAIL_BUY_PLACED,ONDO-USDT-SWAP,BUY,0.3863,2,-5.4114,0,0,callback=0.5%
2026-07-24 13:54:54,TRAIL_BUY_PLACED,RAY-USDT-SWAP,BUY,0.618,16,-5.0837,0,0,callback=0.5%
2026-07-24 13:55:04,TRAIL_BUY_PLACED,SUI-USDT-SWAP,BUY,0.7187,13,-5.0971,0,0,callback=0.5%
2026-07-24 14:02:32,TRAIL_BUY_PLACED,SAND-USDT-SWAP,BUY,0.04428,22,-5.0600,0,0,callback=0.5%
2026-07-24 14:15:47,TRAIL_BUY_PLACED,CRV-USDT-SWAP,BUY,0.2015,49,-5.0871,0,0,callback=0.5%
2026-07-24 14:17:37,TRAIL_BUY_PLACED,RAY-USDT-SWAP,BUY,0.6176,16,-5.0284,0,0,callback=0.5%
2026-07-24 14:19:02,TRAIL_BUY_PLACED,SUI-USDT-SWAP,BUY,0.7157,13,-5.0292,0,0,callback=0.5%
2026-07-24 14:20:10,TRAIL_BUY_PLACED,PYTH-USDT-SWAP,BUY,0.04491,22,-5.4725,0,0,callback=0.5%
2026-07-24 14:22:38,TRAIL_BUY_PLACED,PYTH-USDT-SWAP,BUY,0.04485,22,-5.5591,0,0,callback=0.5%
2026-07-24 14:29:23,TRAIL_BUY_PLACED,CRV-USDT-SWAP,BUY,0.2017,49,-5.1716,0,0,callback=0.5%
2026-07-24 14:36:10,TRAIL_BUY_PLACED,PYTH-USDT-SWAP,BUY,0.04482,22,-5.7215,0,0,callback=0.5%
2026-07-24 14:38:04,TRAIL_BUY_PLACED,CRV-USDT-SWAP,BUY,0.2015,49,-5.0424,0,0,callback=0.5%
2026-07-24 14:52:52,TRAIL_BUY_PLACED,SAND-USDT-SWAP,BUY,0.04427,22,-5.00,0,0,callback=0.5%
2026-07-24 14:53:38,TPSL_PLACED,STRK-USDT-SWAP,SELL,0.02875,2,0,0,0,TP=0.0299 SL=0.02602
2026-07-24 15:06:00,TRAIL_BUY_PLACED,PYTH-USDT-SWAP,BUY,0.04497,22,-5.0063,0,0,callback=0.5%
2026-07-24 16:02:37,TRAIL_BUY_PLACED,PYTH-USDT-SWAP,BUY,0.04427,22,-5.1831,0,0,callback=0.5%
2026-07-24 18:33:42,TPSL_PLACED,STRK-USDT-SWAP,SELL,0.02875,2,0,0,0,TP=0.0299 SL=0.02602
2026-07-24 20:18:33,TRAIL_BUY_PLACED,SUI-USDT-SWAP,BUY,0.7115,14,-5.0194,0,0,callback=0.5%
2026-07-24 20:33:21,TRAIL_BUY_PLACED,WLD-USDT-SWAP,BUY,0.3682,27,-5.0052,0,0,callback=0.5%
2026-07-24 20:38:41,TRAIL_BUY_PLACED,WLD-USDT-SWAP,BUY,0.3664,27,-5.4939,0,0,callback=0.5%
2026-07-24 20:40:02,TRAIL_BUY_PLACED,WLD-USDT-SWAP,BUY,0.3655,27,-5.6043,0,0,callback=0.5%
2026-07-24 20:52:31,TRAIL_BUY_PLACED,WLD-USDT-SWAP,BUY,0.3664,27,-5.1023,0,0,callback=0.5%
2026-07-24 21:10:44,TRAIL_BUY_PLACED,ETC-USDT-SWAP,BUY,6.515,0.15,-5.0015,0,0,callback=0.5%
2026-07-24 21:11:33,TRAIL_BUY_PLACED,WLD-USDT-SWAP,BUY,0.3609,27,-6.8164,0,0,callback=0.5%
2026-07-24 21:12:52,TRAIL_BUY_PLACED,WLD-USDT-SWAP,BUY,0.3614,27,-6.5425,0,0,callback=0.5%
2026-07-24 21:16:55,TRAIL_BUY_PLACED,WLD-USDT-SWAP,BUY,0.3634,27,-5.8549,0,0,callback=0.5%
2026-07-24 21:26:16,TRAIL_BUY_PLACED,WLD-USDT-SWAP,BUY,0.3616,27,-6.0779,0,0,callback=0.5%
2026-07-24 21:31:35,TRAIL_BUY_PLACED,WLD-USDT-SWAP,BUY,0.3628,27,-5.4716,0,0,callback=0.5%
2026-07-24 21:40:54,TRAIL_BUY_PLACED,WLD-USDT-SWAP,BUY,0.3591,27,-6.2402,0,0,callback=0.5%
2026-07-24 21:48:45,TRAIL_BUY_PLACED,WLD-USDT-SWAP,BUY,0.3586,27,-6.6632,0,0,callback=0.5%
2026-07-24 21:52:42,TRAIL_BUY_PLACED,WLD-USDT-SWAP,BUY,0.3556,28,-7.4922,0,0,callback=0.5%
2026-07-24 21:56:39,TRAIL_BUY_PLACED,WLD-USDT-SWAP,BUY,0.345,28,-10.1796,0,0,callback=0.5%
2026-07-24 21:57:59,TRAIL_BUY_PLACED,WLD-USDT-SWAP,BUY,0.3447,29,-10.2577,0,0,callback=0.5%
2026-07-24 21:59:17,TRAIL_BUY_PLACED,WLD-USDT-SWAP,BUY,0.3416,29,-10.9953,0,0,callback=0.5%
2026-07-24 22:00:35,TRAIL_BUY_PLACED,WLD-USDT-SWAP,BUY,0.3427,29,-10.6155,0,0,callback=0.5%
2026-07-24 22:03:12,TRAIL_BUY_PLACED,WLD-USDT-SWAP,BUY,0.3431,29,-10.5579,0,0,callback=0.5%
2026-07-24 22:05:47,TRAIL_BUY_PLACED,WLD-USDT-SWAP,BUY,0.3445,29,-10.1929,0,0,callback=0.5%
2026-07-24 22:07:05,TRAIL_BUY_PLACED,WLD-USDT-SWAP,BUY,0.3436,29,-10.5208,0,0,callback=0.5%
2026-07-24 22:08:23,TRAIL_BUY_PLACED,WLD-USDT-SWAP,BUY,0.3458,28,-10.0650,0,0,callback=0.5%
2026-07-24 22:09:19,TRAIL_BUY_PLACED,ONDO-USDT-SWAP,BUY,0.3818,2,-5.2840,0,0,callback=0.5%
2026-07-24 22:13:09,TRAIL_BUY_PLACED,ONDO-USDT-SWAP,BUY,0.3811,2,-5.4577,0,0,callback=0.5%
2026-07-24 22:23:49,TRAIL_BUY_PLACED,WLD-USDT-SWAP,BUY,0.3473,28,-9.9326,0,0,callback=0.5%
2026-07-24 22:26:44,TRAIL_BUY_PLACED,ONDO-USDT-SWAP,BUY,0.3806,2,-5.6286,0,0,callback=0.5%
2026-07-24 22:30:36,TRAIL_BUY_PLACED,ONDO-USDT-SWAP,BUY,0.383,2,-5.0570,0,0,callback=0.5%
2026-07-24 22:33:33,TRAIL_BUY_PLACED,WLD-USDT-SWAP,BUY,0.3488,28,-9.5670,0,0,callback=0.5%
2026-07-24 22:38:38,TRAIL_BUY_PLACED,SUI-USDT-SWAP,BUY,0.7111,14,-5.0094,0,0,callback=0.5%
2026-07-24 22:40:04,TRAIL_BUY_PLACED,WLD-USDT-SWAP,BUY,0.3497,28,-9.1924,0,0,callback=0.5%
2026-07-24 22:46:32,TRAIL_BUY_PLACED,WLD-USDT-SWAP,BUY,0.3511,28,-9.1356,0,0,callback=0.5%
2026-07-24 22:48:21,CLOSED,ETHFI-USDT-SWAP,LONG,0.4193,22,0,-0.8118,-8.09,SL
2026-07-24 22:48:23,TRAIL_BUY_PLACED,ETHFI-USDT-SWAP,BUY,0.4193,23,-7.2960,0,0,callback=0.5%
2026-07-24 23:22:56,TRAIL_BUY_PLACED,WLD-USDT-SWAP,BUY,0.3504,28,-8.7024,0,0,callback=0.5%
2026-07-24 23:34:30,TRAIL_BUY_PLACED,WLD-USDT-SWAP,BUY,0.3506,28,-8.3878,0,0,callback=0.5%
2026-07-24 23:44:53,TRAIL_BUY_PLACED,WLD-USDT-SWAP,BUY,0.3497,28,-8.6945,0,0,callback=0.5%
2026-07-24 23:48:49,TPSL_PLACED,HYPE-USDT-SWAP,SELL,59.321,1,0,0,0,TP=61.694 SL=53.686
2026-07-24 23:53:52,TRAIL_BUY_PLACED,ETHFI-USDT-SWAP,BUY,0.4193,23,-7.1729,0,0,callback=0.5%
2026-07-25 00:02:26,TRAIL_BUY_PLACED,WLD-USDT-SWAP,BUY,0.3436,29,-10.0052,0,0,callback=0.5%
2026-07-25 00:03:45,TRAIL_BUY_PLACED,WLD-USDT-SWAP,BUY,0.345,28,-9.5912,0,0,callback=0.5%
2026-07-25 00:08:11,TRAIL_BUY_PLACED,ETHFI-USDT-SWAP,BUY,0.421,23,-6.4236,0,0,callback=0.5%
2026-07-25 00:11:29,TRAIL_BUY_PLACED,WLD-USDT-SWAP,BUY,0.3458,28,-8.8080,0,0,callback=0.5%
2026-07-25 00:21:33,TRAIL_BUY_PLACED,WLD-USDT-SWAP,BUY,0.3466,28,-8.8375,0,0,callback=0.5%
2026-07-25 00:22:04,TRAIL_BUY_PLACED,ETHFI-USDT-SWAP,BUY,0.4207,23,-6.7184,0,0,callback=0.5%
2026-07-25 00:39:04,TRAIL_BUY_PLACED,WLD-USDT-SWAP,BUY,0.3477,28,-8.0159,0,0,callback=0.5%
2026-07-25 00:49:07,TRAIL_BUY_PLACED,WLD-USDT-SWAP,BUY,0.3471,28,-8.4893,0,0,callback=0.5%
2026-07-25 00:59:07,TRAIL_BUY_PLACED,WLD-USDT-SWAP,BUY,0.3478,28,-8.4014,0,0,callback=0.5%
2026-07-25 01:04:38,TRAIL_BUY_PLACED,ETHFI-USDT-SWAP,BUY,0.4158,24,-8.1308,0,0,callback=0.5%
2026-07-25 01:26:06,TRAIL_BUY_PLACED,PYTH-USDT-SWAP,BUY,0.04413,22,-5.1172,0,0,callback=0.5%
2026-07-25 01:27:24,TRAIL_BUY_PLACED,ONDO-USDT-SWAP,BUY,0.381,2,-5.3181,0,0,callback=0.5%
2026-07-25 01:29:11,TRAIL_BUY_PLACED,WLD-USDT-SWAP,BUY,0.3476,28,-8.7425,0,0,callback=0.5%
2026-07-25 01:35:12,TRAIL_BUY_PLACED,ETHFI-USDT-SWAP,BUY,0.4159,24,-7.7623,0,0,callback=0.5%
2026-07-25 01:41:20,TRAIL_BUY_PLACED,ETHFI-USDT-SWAP,BUY,0.4183,23,-7.0857,0,0,callback=0.5%
2026-07-25 01:45:23,TRAIL_BUY_PLACED,ETHFI-USDT-SWAP,BUY,0.4212,23,-6.5039,0,0,callback=0.5%
2026-07-25 01:49:40,TRAIL_BUY_PLACED,LDO-USDT-SWAP,BUY,0.3739,26,-5.2458,0,0,callback=0.5%
2026-07-25 02:22:39,TRAIL_BUY_PLACED,WLD-USDT-SWAP,BUY,0.3449,28,-9.7829,0,0,callback=0.5%
2026-07-25 02:24:47,TRAIL_BUY_PLACED,LDO-USDT-SWAP,BUY,0.3746,26,-5.0203,0,0,callback=0.5%
2026-07-25 02:27:11,TRAIL_BUY_PLACED,ETHFI-USDT-SWAP,BUY,0.4164,24,-7.9169,0,0,callback=0.5%
2026-07-25 02:34:22,TRAIL_BUY_PLACED,ONDO-USDT-SWAP,BUY,0.376,2,-5.7408,0,0,callback=0.5%
2026-07-25 02:39:21,TRAIL_BUY_PLACED,ETHFI-USDT-SWAP,BUY,0.4184,23,-7.4541,0,0,callback=0.5%
2026-07-25 02:40:11,TRAIL_BUY_PLACED,WLD-USDT-SWAP,BUY,0.3461,28,-9.3029,0,0,callback=0.5%
2026-07-25 02:41:09,TRAIL_BUY_PLACED,ONDO-USDT-SWAP,BUY,0.3776,2,-5.2447,0,0,callback=0.5%
2026-07-25 03:00:58,TRAIL_BUY_PLACED,ETHFI-USDT-SWAP,BUY,0.4194,23,-7.6211,0,0,callback=0.5%
2026-07-25 03:05:50,TRAIL_BUY_PLACED,WLD-USDT-SWAP,BUY,0.346,28,-9.8254,0,0,callback=0.5%
2026-07-25 03:37:02,TRAIL_BUY_PLACED,ONDO-USDT-SWAP,BUY,0.3774,2,-6.0493,0,0,callback=0.5%
2026-07-25 03:53:07,TRAIL_BUY_PLACED,LDO-USDT-SWAP,BUY,0.3731,26,-5.0395,0,0,callback=0.5%
2026-07-25 05:01:16,CLOSED,STRK-USDT-SWAP,LONG,0.02875,2,0,0.0000,0,SL
2026-07-25 05:01:16,CLOSED,STX-USDT-SWAP,LONG,0.1449,6.8,0,0.0000,0,SL
2026-07-25 05:01:16,CLOSED,WIF-USDT-SWAP,LONG,0.1447,1,0,0.0000,0,SL
2026-07-25 05:01:16,CLOSED,ZEC-USDT-SWAP,LONG,521.03,1,0,0.0000,0,SL
2026-07-25 05:01:17,CLOSED,ARB-USDT-SWAP,LONG,0.08597,6.4,0,0.0000,0,SL
2026-07-25 05:01:17,CLOSED,AVAX-USDT-SWAP,LONG,6.263,0.3,0,0.0000,0,SL
2026-07-25 05:01:17,CLOSED,CRO-USDT-SWAP,LONG,0.0597,3,0,0.0000,0,SL
2026-07-25 05:01:17,CLOSED,DOGE-USDT-SWAP,LONG,0.06908,0.14,0,0.0000,0,SL
2026-07-25 05:01:18,CLOSED,EIGEN-USDT-SWAP,LONG,0.2185,7,0,0.0000,0,SL
2026-07-25 05:01:20,TRAIL_BUY_PLACED,ETHFI-USDT-SWAP,BUY,0.4153,24,-8.1398,0,0,callback=0.5%
2026-07-25 05:01:44,TRAIL_BUY_PLACED,ONDO-USDT-SWAP,BUY,0.3761,2,-6.8137,0,0,callback=0.5%
2026-07-25 05:02:08,TRAIL_BUY_PLACED,WLD-USDT-SWAP,BUY,0.3439,29,-10.0209,0,0,callback=0.5%
2026-07-25 05:11:01,CLOSED,EIGEN-USDT-SWAP,LONG,0.2037,7,0,-0.1036,-6.77,SL
2026-07-25 05:11:03,TRAIL_BUY_PLACED,EIGEN-USDT-SWAP,BUY,0.2037,49,-6.1290,0,0,callback=0.5%
2026-07-25 05:11:23,TRAIL_BUY_PLACED,LDO-USDT-SWAP,BUY,0.3751,26,-5.3972,0,0,callback=0.5%
2026-07-25 05:12:22,TPSL_PLACED,EIGEN-USDT-SWAP,SELL,0.2185,7,0,0,0,TP=0.2272 SL=0.1977
2026-07-25 05:22:17,TRAIL_BUY_PLACED,WLD-USDT-SWAP,BUY,0.3434,29,-10.2222,0,0,callback=0.5%
2026-07-25 05:26:41,TRAIL_BUY_PLACED,ETHFI-USDT-SWAP,BUY,0.415,24,-8.5097,0,0,callback=0.5%
2026-07-25 05:34:40,TRAIL_BUY_PLACED,LDO-USDT-SWAP,BUY,0.3762,26,-5.6433,0,0,callback=0.5%
2026-07-25 05:43:39,TRAIL_BUY_PLACED,PYTH-USDT-SWAP,BUY,0.04407,22,-5.0829,0,0,callback=0.5%
2026-07-25 05:57:04,TRAIL_BUY_PLACED,LDO-USDT-SWAP,BUY,0.3766,26,-5.2817,0,0,callback=0.5%
2026-07-25 05:57:13,TRAIL_BUY_PLACED,ONDO-USDT-SWAP,BUY,0.3751,2,-6.6451,0,0,callback=0.5%
2026-07-25 05:58:50,TRAIL_BUY_PLACED,WLD-USDT-SWAP,BUY,0.343,29,-10.1389,0,0,callback=0.5%
2026-07-25 06:03:05,TRAIL_BUY_PLACED,ETHFI-USDT-SWAP,BUY,0.4155,24,-8.0549,0,0,callback=0.5%
2026-07-25 06:07:01,TRAIL_BUY_PLACED,LDO-USDT-SWAP,BUY,0.3771,26,-5.0365,0,0,callback=0.5%
2026-07-25 06:07:32,TRAIL_BUY_PLACED,WLD-USDT-SWAP,BUY,0.3412,29,-10.6104,0,0,callback=0.5%
2026-07-25 06:17:08,TRAIL_BUY_PLACED,ONDO-USDT-SWAP,BUY,0.3754,2,-6.8024,0,0,callback=0.5%
2026-07-25 06:19:30,TRAIL_BUY_PLACED,LDO-USDT-SWAP,BUY,0.3789,26,-5.0138,0,0,callback=0.5%
2026-07-25 06:27:20,TRAIL_BUY_PLACED,SUI-USDT-SWAP,BUY,0.7075,14,-5.0336,0,0,callback=0.5%
2026-07-25 06:27:39,TRAIL_BUY_PLACED,AAVE-USDT-SWAP,BUY,91.2,1,-5.0099,0,0,callback=0.5%
2026-07-25 06:36:08,TRAIL_BUY_PLACED,WLD-USDT-SWAP,BUY,0.3419,29,-10.9635,0,0,callback=0.5%
2026-07-25 06:41:36,TRAIL_BUY_PLACED,UNI-USDT-SWAP,BUY,3.654,2,-5.1648,0,0,callback=0.5%
2026-07-25 06:46:07,TRAIL_BUY_PLACED,PYTH-USDT-SWAP,BUY,0.04407,22,-5.5508,0,0,callback=0.5%
2026-07-25 06:47:38,TRAIL_BUY_PLACED,WLD-USDT-SWAP,BUY,0.3395,29,-11.5194,0,0,callback=0.5%
2026-07-25 06:53:35,TRAIL_BUY_PLACED,WLD-USDT-SWAP,BUY,0.3404,29,-11.2849,0,0,callback=0.5%
2026-07-25 06:54:19,TRAIL_BUY_PLACED,LDO-USDT-SWAP,BUY,0.3752,26,-5.6812,0,0,callback=0.5%
2026-07-25 06:55:17,TRAIL_BUY_PLACED,ETHFI-USDT-SWAP,BUY,0.4135,24,-9.1408,0,0,callback=0.5%
2026-07-25 06:55:23,TRAIL_BUY_PLACED,GMX-USDT-SWAP,BUY,6.642,15,-5.1143,0,0,callback=0.5%
2026-07-25 06:59:14,TRAIL_BUY_PLACED,ONDO-USDT-SWAP,BUY,0.3764,2,-6.2048,0,0,callback=0.5%
2026-07-25 07:03:03,TRAIL_BUY_PLACED,SUI-USDT-SWAP,BUY,0.7065,14,-5.0403,0,0,callback=0.5%
2026-07-25 07:08:38,TRAIL_BUY_PLACED,LDO-USDT-SWAP,BUY,0.3764,26,-5.8765,0,0,callback=0.5%
2026-07-25 07:09:59,TRAIL_BUY_PLACED,ONDO-USDT-SWAP,BUY,0.3769,2,-6.8923,0,0,callback=0.5%
2026-07-25 07:10:03,TRAIL_BUY_PLACED,PYTH-USDT-SWAP,BUY,0.04421,22,-5.3927,0,0,callback=0.5%
2026-07-25 07:10:11,TPSL_PLACED,STRK-USDT-SWAP,SELL,0.02875,2,0,0,0,TP=0.0299 SL=0.02602
2026-07-25 07:10:13,TPSL_PLACED,STX-USDT-SWAP,SELL,0.1449,6.8,0,0,0,TP=0.1507 SL=0.1311
2026-07-25 07:10:15,TRAIL_BUY_PLACED,SUI-USDT-SWAP,BUY,0.7064,14,-5.3844,0,0,callback=0.5%
2026-07-25 07:10:22,TPSL_PLACED,WIF-USDT-SWAP,SELL,0.1447,1,0,0,0,TP=0.1505 SL=0.131
2026-07-25 07:10:24,TRAIL_BUY_PLACED,WLD-USDT-SWAP,BUY,0.3408,29,-11.7098,0,0,callback=0.5%
2026-07-25 07:10:28,TPSL_PLACED,ZEC-USDT-SWAP,SELL,521.03,1,0,0,0,TP=541.87 SL=471.53
2026-07-25 07:10:36,TRAIL_BUY_PLACED,AAVE-USDT-SWAP,BUY,91.22,1,-5.6084,0,0,callback=0.5%
2026-07-25 07:10:40,TPSL_PLACED,ARB-USDT-SWAP,SELL,0.08597,6.4,0,0,0,TP=0.08941 SL=0.0778
2026-07-25 07:10:43,TPSL_PLACED,AVAX-USDT-SWAP,SELL,6.263,0.3,0,0,0,TP=6.514 SL=5.668
2026-07-25 07:10:48,TPSL_PLACED,CRO-USDT-SWAP,SELL,0.0597,3,0,0,0,TP=0.06209 SL=0.05403
2026-07-25 07:10:51,TPSL_PLACED,DOGE-USDT-SWAP,SELL,0.06908,0.14,0,0,0,TP=0.07184 SL=0.06252
2026-07-25 07:10:54,TPSL_PLACED,EIGEN-USDT-SWAP,SELL,0.2185,7,0,0,0,TP=0.2272 SL=0.1977
2026-07-25 07:10:59,TRAIL_BUY_PLACED,ETHFI-USDT-SWAP,BUY,0.4141,24,-9.2483,0,0,callback=0.5%
2026-07-25 07:11:00,TPSL_PLACED,FIL-USDT-SWAP,SELL,0.7324,137,0,0,0,TP=0.7617 SL=0.6628
2026-07-25 07:11:04,TPSL_PLACED,GALA-USDT-SWAP,SELL,0.001979,507,0,0,0,TP=0.002058 SL=0.001791
2026-07-25 07:11:08,TPSL_PLACED,HYPE-USDT-SWAP,SELL,59.321,1,0,0,0,TP=61.694 SL=53.686
2026-07-25 07:11:15,TRAIL_BUY_PLACED,LDO-USDT-SWAP,BUY,0.3752,26,-6.9444,0,0,callback=0.5%
2026-07-25 07:11:21,TPSL_PLACED,NEAR-USDT-SWAP,SELL,1.917,0.5,0,0,0,TP=1.994 SL=1.735
2026-07-25 07:11:24,TRAIL_BUY_PLACED,ONDO-USDT-SWAP,BUY,0.3771,2,-6.9348,0,0,callback=0.5%
2026-07-25 07:13:50,TRAIL_BUY_PLACED,ONDO-USDT-SWAP,BUY,0.3785,2,-6.4739,0,0,callback=0.5%
2026-07-25 07:24:50,TRAIL_BUY_PLACED,WLD-USDT-SWAP,BUY,0.3429,29,-10.5400,0,0,callback=0.5%
2026-07-25 07:34:52,TRAIL_BUY_PLACED,GMX-USDT-SWAP,BUY,6.664,15,-5.4081,0,0,callback=0.5%
2026-07-25 07:39:39,TRAIL_BUY_PLACED,GMX-USDT-SWAP,BUY,6.681,14,-5.3549,0,0,callback=0.5%
2026-07-25 07:41:00,TRAIL_BUY_PLACED,LDO-USDT-SWAP,BUY,0.3763,26,-5.7365,0,0,callback=0.5%
2026-07-25 07:41:12,TRAIL_BUY_PLACED,PYTH-USDT-SWAP,BUY,0.04419,22,-5.0086,0,0,callback=0.5%
2026-07-25 07:51:32,TRAIL_SELL_PLACED,STRK-USDT-SWAP,SELL,0.02937,2,0,0,0,reason=LOCK_PROFIT callback=0.1%
2026-07-25 07:52:16,TRAIL_BUY_PLACED,GMX-USDT-SWAP,BUY,6.684,14,-5.1377,0,0,callback=0.5%
2026-07-25 07:52:43,CLOSED,STRK-USDT-SWAP,LONG,0.02934,2,0,0.0012,2.05,TP
2026-07-25 07:52:57,CLOSED,ZEC-USDT-SWAP,LONG,474.72,1,0,-0.4631,-8.89,SL
2026-07-25 07:52:59,TRAIL_BUY_PLACED,ZEC-USDT-SWAP,BUY,474.82,2,-6.7628,0,0,callback=0.5%
2026-07-25 08:00:19,TRAIL_BUY_PLACED,GMX-USDT-SWAP,BUY,6.691,14,-5.3874,0,0,callback=0.5%
2026-07-25 08:03:48,TRAIL_BUY_PLACED,GMX-USDT-SWAP,BUY,6.72,14,-5.2186,0,0,callback=0.5%
2026-07-25 08:12:57,TRAIL_BUY_PLACED,ETHFI-USDT-SWAP,BUY,0.4113,24,-9.5249,0,0,callback=0.5%
2026-07-25 08:13:38,TRAIL_BUY_PLACED,WLD-USDT-SWAP,BUY,0.3425,29,-10.6444,0,0,callback=0.5%
2026-07-25 08:14:20,TRAIL_BUY_PLACED,LDO-USDT-SWAP,BUY,0.3767,26,-5.3755,0,0,callback=0.5%
2026-07-25 08:14:31,TRAIL_BUY_PLACED,PYTH-USDT-SWAP,BUY,0.04365,22,-5.9673,0,0,callback=0.5%
2026-07-25 08:18:19,TRAIL_BUY_PLACED,ZEC-USDT-SWAP,BUY,475.57,2,-6.8460,0,0,callback=0.5%
2026-07-25 08:19:53,TRAIL_BUY_PLACED,ETHFI-USDT-SWAP,BUY,0.4138,24,-9.2544,0,0,callback=0.5%
2026-07-25 08:20:28,TRAIL_BUY_PLACED,SUI-USDT-SWAP,BUY,0.7048,14,-5.0647,0,0,callback=0.5%
2026-07-25 08:21:54,TRAIL_BUY_PLACED,AAVE-USDT-SWAP,BUY,91.12,1,-5.1426,0,0,callback=0.5%
2026-07-25 08:33:18,TRAIL_BUY_PLACED,WLD-USDT-SWAP,BUY,0.3443,29,-10.2918,0,0,callback=0.5%
2026-07-25 08:42:43,TRAIL_BUY_PLACED,WLD-USDT-SWAP,BUY,0.3439,29,-10.4194,0,0,callback=0.5%
2026-07-25 08:56:51,TRAIL_BUY_PLACED,ONDO-USDT-SWAP,BUY,0.3737,2,-5.8690,0,0,callback=0.5%
2026-07-25 08:57:09,TRAIL_BUY_PLACED,UNI-USDT-SWAP,BUY,3.655,2,-5.0156,0,0,callback=0.5%
2026-07-25 09:01:23,TRAIL_BUY_PLACED,PYTH-USDT-SWAP,BUY,0.04312,23,-6.1997,0,0,callback=0.5%
2026-07-25 09:01:39,TRAIL_BUY_PLACED,WLD-USDT-SWAP,BUY,0.3448,29,-9.8798,0,0,callback=0.5%
2026-07-25 09:10:19,TRAIL_BUY_PLACED,ONDO-USDT-SWAP,BUY,0.3755,2,-5.0569,0,0,callback=0.5%
2026-07-25 09:12:36,TRAIL_BUY_PLACED,PYTH-USDT-SWAP,BUY,0.04334,23,-5.4950,0,0,callback=0.5%
2026-07-25 09:17:48,TRAIL_BUY_PLACED,ETHFI-USDT-SWAP,BUY,0.4127,24,-8.5936,0,0,callback=0.5%
2026-07-25 09:22:18,TRAIL_BUY_PLACED,GMX-USDT-SWAP,BUY,6.67,14,-7.9238,0,0,callback=0.5%
2026-07-25 09:28:23,TRAIL_BUY_PLACED,ZEC-USDT-SWAP,BUY,476.28,2,-5.9572,0,0,callback=0.5%
2026-07-25 09:28:48,TRAIL_BUY_PLACED,ETHFI-USDT-SWAP,BUY,0.4138,24,-8.9349,0,0,callback=0.5%
2026-07-25 09:29:26,TRAIL_BUY_PLACED,UNI-USDT-SWAP,BUY,3.626,2,-5.5729,0,0,callback=0.5%
2026-07-25 09:29:29,TRAIL_BUY_PLACED,WLD-USDT-SWAP,BUY,0.3451,28,-9.1603,0,0,callback=0.5%
2026-07-25 09:31:16,TRAIL_BUY_PLACED,LDO-USDT-SWAP,BUY,0.3758,26,-5.1010,0,0,callback=0.5%
2026-07-25 09:42:42,TRAIL_BUY_PLACED,ETHFI-USDT-SWAP,BUY,0.4155,24,-8.0956,0,0,callback=0.5%
2026-07-25 09:42:47,TRAIL_BUY_PLACED,GMX-USDT-SWAP,BUY,6.707,14,-7.4641,0,0,callback=0.5%
2026-07-25 09:46:23,TRAIL_BUY_PLACED,PYTH-USDT-SWAP,BUY,0.04345,23,-5.0066,0,0,callback=0.5%
2026-07-25 09:46:37,TRAIL_BUY_PLACED,UNI-USDT-SWAP,BUY,3.647,2,-5.3710,0,0,callback=0.5%
2026-07-25 09:50:44,TRAIL_BUY_PLACED,AAVE-USDT-SWAP,BUY,91.17,1,-5.1399,0,0,callback=0.5%
2026-07-25 09:51:44,TRAIL_BUY_PLACED,ZEC-USDT-SWAP,BUY,478.71,2,-5.4587,0,0,callback=0.5%
2026-07-25 10:15:46,TRAIL_BUY_PLACED,ETHFI-USDT-SWAP,BUY,0.4162,24,-7.7366,0,0,callback=0.5%
2026-07-25 10:50:50,TRAIL_BUY_PLACED,GMX-USDT-SWAP,BUY,6.696,14,-8.6120,0,0,callback=0.5%
2026-07-25 11:07:09,TRAIL_BUY_PLACED,GMX-USDT-SWAP,BUY,6.733,14,-7.7166,0,0,callback=0.5%
2026-07-25 11:09:38,TRAIL_BUY_PLACED,PYTH-USDT-SWAP,BUY,0.04336,23,-5.0996,0,0,callback=0.5%
2026-07-25 11:21:23,CLOSED,EIGEN-USDT-SWAP,LONG,0.2011,7,0,-0.1218,-7.96,SL
2026-07-25 11:21:24,TRAIL_BUY_PLACED,EIGEN-USDT-SWAP,BUY,0.2011,49,-6.5954,0,0,callback=0.5%
2026-07-25 11:51:17,TRAIL_BUY_PLACED,WLD-USDT-SWAP,BUY,0.3436,29,-8.5441,0,0,callback=0.5%
2026-07-25 11:53:31,TRAIL_SELL_PLACED,WIF-USDT-SWAP,SELL,0.1476,1,0,0,0,reason=LOCK_PROFIT callback=0.1%
2026-07-25 11:54:38,CLOSED,WIF-USDT-SWAP,LONG,0.148,1,0,0.0033,2.28,TP
2026-07-25 11:59:32,TRAIL_BUY_PLACED,DYDX-USDT-SWAP,BUY,0.1219,82,-5.0401,0,0,callback=0.5%
2026-07-25 12:05:57,TPSL_PLACED,EIGEN-USDT-SWAP,SELL,0.2021,2,0,0,0,TP=0.2102 SL=0.1829
2026-07-25 12:08:15,TRAIL_BUY_PLACED,ETHFI-USDT-SWAP,BUY,0.4145,24,-8.4585,0,0,callback=0.5%
2026-07-25 12:16:23,TRAIL_BUY_PLACED,PYTH-USDT-SWAP,BUY,0.04323,23,-6.6105,0,0,callback=0.5%
2026-07-25 12:20:29,TRAIL_BUY_PLACED,ETHFI-USDT-SWAP,BUY,0.4156,24,-8.1141,0,0,callback=0.5%
2026-07-25 12:24:30,TRAIL_BUY_PLACED,ZEC-USDT-SWAP,BUY,478.02,2,-5.0247,0,0,callback=0.5%
2026-07-25 12:25:53,TRAIL_BUY_PLACED,DYDX-USDT-SWAP,BUY,0.12224,81,-5.0637,0,0,callback=0.5%
2026-07-25 12:27:09,TRAIL_BUY_PLACED,GMX-USDT-SWAP,BUY,6.658,15,-8.6443,0,0,callback=0.5%
2026-07-25 12:33:15,TRAIL_BUY_PLACED,WLD-USDT-SWAP,BUY,0.3435,29,-8.7407,0,0,callback=0.5%
2026-07-25 12:37:01,TRAIL_BUY_PLACED,GMX-USDT-SWAP,BUY,6.7,14,-9.1649,0,0,callback=0.5%
2026-07-25 12:42:59,TRAIL_BUY_PLACED,WLD-USDT-SWAP,BUY,0.3471,28,-7.3906,0,0,callback=0.5%
2026-07-25 12:44:05,TRAIL_BUY_PLACED,WLD-USDT-SWAP,BUY,0.3494,28,-6.7521,0,0,callback=0.5%
2026-07-25 13:02:57,TRAIL_BUY_PLACED,GMX-USDT-SWAP,BUY,6.73,14,-7.3513,0,0,callback=0.5%
2026-07-25 13:03:17,TRAIL_BUY_PLACED,PYTH-USDT-SWAP,BUY,0.04333,23,-5.3724,0,0,callback=0.5%
2026-07-25 13:03:34,TRAIL_BUY_PLACED,WLD-USDT-SWAP,BUY,0.3494,28,-6.2265,0,0,callback=0.5%
2026-07-25 13:26:00,TRAIL_BUY_PLACED,GMX-USDT-SWAP,BUY,6.72,14,-7.2208,0,0,callback=0.5%
2026-07-25 13:43:21,TRAIL_SELL_PLACED,AVAX-USDT-SWAP,SELL,6.391,0.3,0,0,0,reason=LOCK_PROFIT callback=0.1%
2026-07-25 13:43:33,TRAIL_BUY_PLACED,ETHFI-USDT-SWAP,BUY,0.4154,24,-8.1583,0,0,callback=0.5%
2026-07-25 13:44:28,CLOSED,AVAX-USDT-SWAP,LONG,6.41,0.3,0,0.0441,2.35,TP
2026-07-25 13:45:48,TPSL_PLACED,ETHFI-USDT-SWAP,SELL,0.4172,5,0,0,0,TP=0.4339 SL=0.3776
2026-07-25 13:46:29,TRAIL_BUY_PLACED,WLD-USDT-SWAP,BUY,0.3487,28,-6.3641,0,0,callback=0.5%
2026-07-25 13:51:26,TRAIL_BUY_PLACED,GMX-USDT-SWAP,BUY,6.757,14,-7.4257,0,0,callback=0.5%
2026-07-25 13:56:08,TRAIL_BUY_PLACED,WLD-USDT-SWAP,BUY,0.3452,28,-6.7027,0,0,callback=0.5%
2026-07-25 14:17:46,CLOSED,HYPE-USDT-SWAP,LONG,57.284,1,0,-0.2037,-3.43,SL
2026-07-25 14:18:52,TPSL_PLACED,HYPE-USDT-SWAP,SELL,59.321,1,0,0,0,TP=61.694 SL=53.686
2026-07-25 14:45:43,TRAIL_BUY_PLACED,GMX-USDT-SWAP,BUY,6.722,14,-6.3136,0,0,callback=0.5%
2026-07-25 14:51:37,TRAIL_BUY_PLACED,WLD-USDT-SWAP,BUY,0.3461,28,-7.2615,0,0,callback=0.5%
2026-07-25 14:54:11,TRAIL_SELL_PLACED,DOGE-USDT-SWAP,SELL,0.07053,0.14,0,0,0,reason=LOCK_PROFIT callback=0.1%
2026-07-25 14:55:15,CLOSED,DOGE-USDT-SWAP,LONG,0.0704,0.14,0,0.1848,1.91,TP
2026-07-25 14:56:51,TPSL_PLACED,PYTH-USDT-SWAP,SELL,0.04306,23,0,0,0,TP=0.04478 SL=0.03897
2026-07-25 15:10:18,TPSL_PLACED,HYPE-USDT-SWAP,SELL,59.321,1,0,0,0,TP=61.694 SL=53.686
2026-07-25 15:20:02,TPSL_PLACED,GMX-USDT-SWAP,SELL,6.723,2,0,0,0,TP=6.992 SL=6.084
2026-07-25 15:21:42,TPSL_PLACED,WLD-USDT-SWAP,SELL,0.348,1,0,0,0,TP=0.3619 SL=0.3149
2026-07-25 16:20:24,TRAIL_BUY_PLACED,UNI-USDT-SWAP,BUY,3.653,2,-5.0429,0,0,callback=0.5%
2026-07-25 16:23:46,TPSL_PLACED,GALA-USDT-SWAP,SELL,0.001979,507,0,0,0,TP=0.002058 SL=0.001791
2026-07-25 17:41:40,TRAIL_SELL_PLACED,EIGEN-USDT-SWAP,SELL,0.2063,2,0,0,0,reason=LOCK_PROFIT callback=0.1%
2026-07-25 17:42:46,CLOSED,EIGEN-USDT-SWAP,LONG,0.2066,2,0,0.0090,2.23,TP
2026-07-25 17:43:07,TPSL_PLACED,NEAR-USDT-SWAP,SELL,1.917,0.5,0,0,0,TP=1.994 SL=1.735
2026-07-25 17:43:13,TPSL_PLACED,PYTH-USDT-SWAP,SELL,0.04306,23,0,0,0,TP=0.04478 SL=0.03897
2026-07-25 17:43:22,TPSL_PLACED,STX-USDT-SWAP,SELL,0.1449,6.8,0,0,0,TP=0.1507 SL=0.1311
2026-07-25 17:43:30,TPSL_PLACED,WLD-USDT-SWAP,SELL,0.348,1,0,0,0,TP=0.3619 SL=0.3149
2026-07-25 17:43:43,TPSL_PLACED,ARB-USDT-SWAP,SELL,0.08597,6.4,0,0,0,TP=0.08941 SL=0.0778
2026-07-25 17:43:49,TPSL_PLACED,CRO-USDT-SWAP,SELL,0.0597,3,0,0,0,TP=0.06209 SL=0.05403
2026-07-25 17:43:58,TPSL_PLACED,ETHFI-USDT-SWAP,SELL,0.4172,5,0,0,0,TP=0.4339 SL=0.3776
2026-07-25 17:44:00,TPSL_PLACED,FIL-USDT-SWAP,SELL,0.7324,137,0,0,0,TP=0.7617 SL=0.6628
2026-07-25 17:44:02,TPSL_PLACED,GALA-USDT-SWAP,SELL,0.001979,507,0,0,0,TP=0.002058 SL=0.001791
2026-07-25 17:44:04,TPSL_PLACED,GMX-USDT-SWAP,SELL,6.723,2,0,0,0,TP=6.992 SL=6.084
2026-07-25 17:44:07,TPSL_PLACED,HYPE-USDT-SWAP,SELL,59.321,1,0,0,0,TP=61.694 SL=53.686
2026-07-25 18:37:00,TPSL_PLACED,WLD-USDT-SWAP,SELL,0.348,1,0,0,0,TP=0.3619 SL=0.3149
2026-07-25 22:23:49,TPSL_PLACED,ARB-USDT-SWAP,SELL,0.08597,6.4,0,0,0,TP=0.08941 SL=0.0778
2026-07-26 05:18:40,TRAIL_BUY_PLACED,INJ-USDT-SWAP,BUY,5.056,19,-5.0695,0,0,callback=0.5%
2026-07-26 05:39:13,TPSL_PLACED,INJ-USDT-SWAP,SELL,5.042,1,0,0,0,TP=5.244 SL=4.563
2026-07-26 07:02:16,TRAIL_SELL_PLACED,FIL-USDT-SWAP,SELL,0.7471,137,0,0,0,reason=LOCK_PROFIT callback=0.1%
2026-07-26 07:04:29,CLOSED,FIL-USDT-SWAP,LONG,0.7461,137,0,0.1877,1.87,TP
2026-07-26 07:40:16,TRAIL_BUY_PLACED,MORPHO-USDT-SWAP,BUY,1.9153,5,-5.3846,0,0,callback=0.5%
2026-07-26 07:46:57,TPSL_PLACED,MORPHO-USDT-SWAP,SELL,1.9224,5,0,0,0,TP=1.9993 SL=1.7398
2026-07-26 07:52:40,TPSL_PLACED,ARB-USDT-SWAP,SELL,0.08597,6.4,0,0,0,TP=0.08941 SL=0.0778
2026-07-26 07:52:46,TPSL_PLACED,CRO-USDT-SWAP,SELL,0.0597,3,0,0,0,TP=0.06209 SL=0.05403
2026-07-26 07:52:55,TPSL_PLACED,ETHFI-USDT-SWAP,SELL,0.4172,5,0,0,0,TP=0.4339 SL=0.3776
2026-07-26 07:52:59,TPSL_PLACED,GALA-USDT-SWAP,SELL,0.001979,507,0,0,0,TP=0.002058 SL=0.001791
2026-07-26 07:53:01,TPSL_PLACED,GMX-USDT-SWAP,SELL,6.723,2,0,0,0,TP=6.992 SL=6.084
2026-07-26 07:53:04,TPSL_PLACED,HYPE-USDT-SWAP,SELL,59.321,1,0,0,0,TP=61.694 SL=53.686
2026-07-26 07:53:08,TPSL_PLACED,INJ-USDT-SWAP,SELL,5.042,1,0,0,0,TP=5.244 SL=4.563
2026-07-26 07:53:14,TPSL_PLACED,MORPHO-USDT-SWAP,SELL,1.9224,5,0,0,0,TP=1.9993 SL=1.7398
2026-07-26 07:53:16,TPSL_PLACED,NEAR-USDT-SWAP,SELL,1.917,0.5,0,0,0,TP=1.994 SL=1.735
2026-07-26 07:53:22,TPSL_PLACED,PYTH-USDT-SWAP,SELL,0.04306,23,0,0,0,TP=0.04478 SL=0.03897
2026-07-26 07:53:31,TPSL_PLACED,STX-USDT-SWAP,SELL,0.1449,6.8,0,0,0,TP=0.1507 SL=0.1311
2026-07-26 07:53:40,TPSL_PLACED,WLD-USDT-SWAP,SELL,0.348,1,0,0,0,TP=0.3619 SL=0.3149
2026-07-26 14:37:21,TRAIL_SELL_PLACED,GMX-USDT-SWAP,SELL,6.86,2,0,0,0,reason=LOCK_PROFIT callback=0.1%
2026-07-26 14:38:29,CLOSED,GMX-USDT-SWAP,LONG,6.85,2,0,0.0254,1.89,TP
2026-07-26 16:21:27,TRAIL_SELL_PLACED,ETHFI-USDT-SWAP,SELL,0.4274,5,0,0,0,reason=LOCK_PROFIT callback=0.1%
2026-07-26 16:22:33,CLOSED,ETHFI-USDT-SWAP,LONG,0.4278,5,0,0.0530,2.54,TP
2026-07-26 19:35:56,TRAIL_SELL_PLACED,WLD-USDT-SWAP,SELL,0.355,1,0,0,0,reason=LOCK_PROFIT callback=0.1%
2026-07-26 19:37:02,CLOSED,WLD-USDT-SWAP,LONG,0.3536,1,0,0.0056,1.61,TP
